hour,minute,day,load,temp
14,1,1,7.6,43.8
14,1,1,11.9,45.95
14,2,1,11.0,45.5
14,2,1,9.1,44.55
14,3,1,5.9,42.95
14,3,1,16.3,48.15
14,9,1,4.4,42.2
14,9,1,3.5,41.75
14,9,1,6.1,43.05
14,9,1,2.8,41.4
14,9,1,4.7,42.35
14,10,1,9.5,44.75
14,10,1,4.9,42.45
14,10,1,2.5,41.25
14,10,1,2.7,41.35
14,10,1,7.9,43.95
14,11,1,6.9,43.45
14,11,1,5.2,42.6
14,11,1,2.6,41.3
14,11,1,5.3,42.65
14,11,1,5.3,42.65
14,12,1,20.6,50.3
14,12,1,7.0,43.5
14,12,1,5.0,42.5
14,12,1,7.0,43.5
14,12,1,4.9,42.45
14,12,1,5.8,42.9
14,13,1,5.0,42.5
14,13,1,8.1,44.05
14,13,1,6.1,43.05
14,13,1,2.7,41.35
14,13,1,5.7,42.85
14,14,1,4.0,42.0
14,14,1,8.4,44.2
14,14,1,2.2,41.1
14,14,1,3.3,41.65
14,14,1,8.1,44.05
14,15,1,0.8,40.4
14,15,1,3.5,41.75
14,15,1,2.6,41.3
14,15,1,6.4,43.2
14,15,1,6.7,43.35
14,15,1,10.8,45.4
14,16,1,8.1,44.05
14,16,1,14.5,47.25
14,16,1,11.3,45.65
14,16,1,13.7,46.85
14,16,1,6.2,43.1
14,17,1,9.6,44.8
14,17,1,8.9,44.45
14,17,1,12.4,46.2
14,17,1,19.0,49.5
14,17,1,7.0,43.5
14,18,1,5.8,42.9
14,18,1,12.9,46.45
14,18,1,14.4,47.2
14,18,1,21.0,50.5
14,18,1,11.3,45.65
14,21,1,15.5,47.75
14,21,1,5.2,42.6
14,21,1,13.1,46.55
14,21,1,7.0,43.5
14,21,1,6.7,43.35
14,22,1,11.6,45.8
14,22,1,10.9,45.45
14,22,1,18.3,49.15
14,22,1,8.0,44.0
14,22,1,7.5,43.75
14,23,1,8.6,44.3
14,23,1,13.1,46.55
14,23,1,3.9,41.95
14,23,1,22.4,51.2
14,23,1,8.3,44.15
14,26,1,10.7,45.35
14,26,1,17.6,48.8
14,26,1,17.6,48.8
14,26,1,12.5,46.25
14,26,1,10.1,45.05
14,26,1,10.7,45.35
14,27,1,6.6,43.3
14,27,1,6.8,43.4
14,27,1,11.2,45.6
14,27,1,16.1,48.05
14,27,1,17.2,48.6
14,28,1,12.6,46.3
14,28,1,11.1,45.55
14,28,1,11.7,45.85
14,28,1,20.9,50.45
14,28,1,14.9,47.45
14,28,1,16.5,48.25
14,29,1,3.7,41.85
14,29,1,6.4,43.2
14,29,1,9.3,44.65
14,29,1,4.8,42.4
14,29,1,19.2,49.6
14,30,1,13.4,46.7
14,30,1,6.8,43.4
14,30,1,15.7,47.85
14,30,1,12.3,46.15
14,30,1,4.7,42.35
14,31,1,8.1,44.05
14,31,1,10.9,45.45
14,31,1,8.6,44.3
14,31,1,12.3,46.15
14,31,1,25.6,52.8
14,31,1,11.7,45.85
14,32,1,6.8,43.4
14,32,1,17.2,48.6
14,32,1,21.6,50.8
14,32,1,10.1,45.05
14,32,1,21.8,50.9
14,33,1,18.8,49.4
14,33,1,16.1,48.05
14,33,1,20.5,50.25
14,33,1,9.9,44.95
14,33,1,10.7,45.35
14,33,1,24.1,52.05
14,34,1,19.9,49.95
14,34,1,11.0,45.5
14,34,1,13.4,46.7
14,34,1,7.0,43.5
14,34,1,6.1,43.05
14,34,1,10.9,45.45
14,34,1,8.2,44.1
14,34,1,9.0,44.5
14,34,1,7.2,43.6
14,34,1,6.9,43.45
14,34,1,21.5,50.75
14,34,1,13.4,46.7
14,35,1,7.6,43.8
14,35,1,7.1,43.55
14,35,1,14.6,47.3
14,35,1,11.3,45.65
14,35,1,6.4,43.2
14,35,1,11.9,45.95
14,35,1,20.0,50.0
14,35,1,14.5,47.25
14,35,1,8.8,44.4
14,35,1,28.8,54.4
14,35,1,18.5,49.25
14,35,1,4.2,42.1
14,35,1,12.3,46.15
14,35,1,19.4,49.7
14,35,1,17.7,48.85
14,36,1,18.6,49.3
14,36,1,20.6,50.3
14,36,1,12.6,46.3
14,36,1,22.3,51.15
14,36,1,29.0,54.5
14,36,1,25.2,52.6
14,36,1,22.9,51.45
14,36,1,25.4,52.7
14,36,1,22.6,51.3
14,36,1,19.6,49.8
14,36,1,30.3,55.15
14,36,1,22.0,51.0
14,36,1,10.4,45.2
14,36,1,8.2,44.1
14,37,1,19.4,49.7
14,37,1,14.4,47.2
14,37,1,18.0,49.0
14,37,1,16.6,48.3
14,37,1,18.9,49.45
14,37,1,19.5,49.75
14,37,1,14.1,47.05
14,37,1,8.2,44.1
14,37,1,13.6,46.8
14,37,1,14.6,47.3
14,37,1,13.9,46.95
14,37,1,13.5,46.75
14,37,1,12.8,46.4
14,37,1,15.8,47.9
14,37,1,7.1,43.55
14,37,1,13.3,46.65
14,37,1,8.3,44.15
14,37,1,15.8,47.9
14,38,1,19.2,49.6
14,38,1,19.2,49.6
14,38,1,27.1,53.55
14,38,1,15.4,47.7
14,38,1,19.7,49.85
14,38,1,11.5,45.75
14,38,1,8.8,44.4
14,38,1,9.5,44.75
14,38,1,20.5,50.25
14,38,1,11.1,45.55
14,38,1,15.4,47.7
14,38,1,12.7,46.35
14,38,1,15.3,47.65
14,38,1,23.5,51.75
14,38,1,10.5,45.25
14,38,1,11.6,45.8
14,38,1,16.5,48.25
14,38,1,11.1,45.55
14,38,1,9.8,44.9
14,39,1,6.6,43.3
14,39,1,16.2,48.1
14,39,1,15.5,47.75
14,39,1,19.1,49.55
14,39,1,7.1,43.55
14,39,1,14.9,47.45
14,39,1,17.9,48.95
14,39,1,11.8,45.9
14,39,1,12.0,46.0
14,39,1,11.1,45.55
14,39,1,14.5,47.25
14,39,1,10.5,45.25
14,39,1,8.0,44.0
14,39,1,20.9,50.45
14,39,1,12.6,46.3
14,39,1,11.1,45.55
14,39,1,9.7,44.85
14,39,1,10.5,45.25
14,39,1,16.8,48.4
14,39,1,12.4,46.2
14,39,1,14.4,47.2
14,39,1,8.7,44.35
14,39,1,7.1,43.55
14,39,1,19.4,49.7
14,39,1,15.5,47.75
14,40,1,14.6,47.3
14,40,1,17.2,48.6
14,40,1,14.4,47.2
14,40,1,14.4,47.2
14,40,1,20.4,50.2
14,40,1,8.6,44.3
14,40,1,18.1,49.05
14,40,1,18.4,49.2
14,40,1,19.8,49.9
14,40,1,13.7,46.85
14,40,1,14.6,47.3
14,40,1,6.8,43.4
14,40,1,14.7,47.35
14,41,1,10.6,45.3
14,41,1,8.6,44.3
14,41,1,12.1,46.05
14,41,1,28.5,54.25
14,41,1,14.3,47.15
14,41,1,17.1,48.55
14,41,1,15.5,47.75
14,41,1,22.1,51.05
14,41,1,14.4,47.2
14,42,1,20.9,50.45
14,42,1,12.8,46.4
14,42,1,9.8,44.9
14,42,1,12.0,46.0
14,42,1,9.7,44.85
14,42,1,13.1,46.55
14,42,1,34.2,57.1
14,42,1,18.2,49.1
14,42,1,16.9,48.45
14,43,1,25.9,52.95
14,43,1,21.9,50.95
14,43,1,12.6,46.3
14,43,1,18.2,49.1
14,43,1,20.2,50.1
14,43,1,15.6,47.8
14,43,1,13.2,46.6
14,43,1,25.8,52.9
14,43,1,21.3,50.65
14,44,1,17.4,48.7
14,44,1,18.5,49.25
14,44,1,13.5,46.75
14,44,1,11.2,45.6
14,44,1,12.0,46.0
14,44,1,9.2,44.6
14,44,1,10.7,45.35
14,44,1,26.3,53.15
14,44,1,12.4,46.2
14,44,1,22.4,51.2
14,45,1,15.5,47.75
14,45,1,24.7,52.35
14,45,1,14.4,47.2
14,45,1,18.3,49.15
14,45,1,5.8,42.9
14,45,1,7.4,43.7
14,45,1,9.5,44.75
14,45,1,6.1,43.05
14,45,1,17.3,48.65
14,45,1,15.8,47.9
14,45,1,5.5,42.75
14,45,1,14.2,47.1
14,45,1,5.8,42.9
14,45,1,18.4,49.2
14,45,1,9.0,44.5
14,45,1,8.0,44.0
14,45,1,7.2,43.6
14,46,1,16.2,48.1
14,46,1,15.0,47.5
14,46,1,5.7,42.85
14,46,1,17.9,48.95
14,46,1,3.6,41.8
14,46,1,12.5,46.25
14,46,1,10.8,45.4
14,46,1,12.8,46.4
14,46,1,11.9,45.95
14,46,1,15.9,47.95
14,46,1,9.0,44.5
14,46,1,10.3,45.15
14,46,1,16.9,48.45
14,46,1,12.6,46.3
14,46,1,11.2,45.6
14,46,1,28.5,54.25
14,46,1,29.9,54.95
14,46,1,15.8,47.9
14,47,1,9.9,44.95
14,47,1,14.2,47.1
14,47,1,20.2,50.1
14,47,1,8.7,44.35
14,47,1,11.8,45.9
14,47,1,21.2,50.6
14,47,1,12.3,46.15
14,47,1,18.0,49.0
14,47,1,11.7,45.85
14,47,1,8.7,44.35
14,47,1,14.1,47.05
14,47,1,16.4,48.2
14,47,1,18.3,49.15
14,47,1,9.9,44.95
14,47,1,14.4,47.2
14,47,1,19.2,49.6
14,47,1,20.5,50.25
14,47,1,9.4,44.7
14,48,1,14.5,47.25
14,48,1,19.4,49.7
14,48,1,10.0,45.0
14,48,1,16.2,48.1
14,48,1,8.4,44.2
14,48,1,17.8,48.9
14,48,1,13.3,46.65
14,48,1,13.6,46.8
14,48,1,11.5,45.75
14,48,1,18.9,49.45
14,48,1,16.2,48.1
14,48,1,15.6,47.8
14,48,1,13.1,46.55
14,48,1,10.2,45.1
14,48,1,17.5,48.75
14,48,1,13.4,46.7
14,48,1,12.7,46.35
14,48,1,23.7,51.85
14,49,1,12.1,46.05
14,49,1,19.9,49.95
14,49,1,16.8,48.4
14,49,1,14.8,47.4
14,49,1,5.9,42.95
14,49,1,9.3,44.65
14,56,1,25.8,52.9
14,56,1,9.4,44.7
14,56,1,13.5,46.75
14,56,1,9.0,44.5
14,56,1,35.6,57.8
14,56,1,13.1,46.55
14,59,1,9.1,44.55
14,59,1,16.2,48.1
14,59,1,3.2,41.6
14,59,1,5.0,42.5
14,59,1,3.8,41.9
15,0,1,7.4,43.7
15,0,1,27.7,53.85
15,0,1,40.0,60.0
15,0,1,40.1,60.05
15,0,1,9.0,44.5
15,0,1,11.5,45.75
15,0,1,44.1,62.05
15,0,1,31.7,55.85
15,0,1,18.1,49.05
15,1,1,7.1,43.55
15,1,1,8.2,44.1
15,1,1,5.9,42.95
15,1,1,10.0,45.0
15,1,1,8.9,44.45
15,1,1,5.0,42.5
15,1,1,10.2,45.1
15,1,1,13.7,46.85
15,1,1,12.7,46.35
15,1,1,11.9,45.95
15,2,1,12.9,46.45
15,2,1,8.6,44.3
15,2,1,13.8,46.9
15,2,1,7.6,43.8
15,2,1,18.1,49.05
15,2,1,22.9,51.45
15,2,1,18.6,49.3
15,2,1,11.4,45.7
15,2,1,13.5,46.75
15,3,1,5.2,42.6
15,3,1,2.3,41.15
15,3,1,10.4,45.2
15,3,1,1.5,40.75
15,3,1,2.4,41.2
15,3,1,1.9,40.95
15,3,1,19.1,49.55
15,3,1,20.1,50.05
15,3,1,11.2,45.6
15,3,1,20.6,50.3
15,4,1,6.2,43.1
15,4,1,9.7,44.85
15,4,1,8.4,44.2
15,4,1,6.3,43.15
15,4,1,9.1,44.55
15,4,1,18.0,49.0
15,4,1,10.1,45.05
15,4,1,10.3,45.15
15,4,1,10.9,45.45
15,5,1,12.6,46.3
15,5,1,4.2,42.1
15,5,1,6.6,43.3
15,5,1,9.6,44.8
15,5,1,18.7,49.35
15,5,1,43.5,61.75
15,5,1,37.9,58.95
15,5,1,9.5,44.75
15,5,1,21.0,50.5
15,6,1,14.0,47.0
15,6,1,12.5,46.25
15,6,1,12.1,46.05
15,6,1,12.4,46.2
15,6,1,6.4,43.2
15,6,1,11.6,45.8
15,6,1,5.7,42.85
15,6,1,4.7,42.35
15,6,1,3.9,41.95
15,6,1,17.0,48.5
15,6,1,5.9,42.95
15,6,1,3.3,41.65
15,6,1,7.2,43.6
15,6,1,12.5,46.25
15,7,1,5.1,42.55
15,7,1,4.4,42.2
15,7,1,20.0,50.0
15,7,1,16.3,48.15
15,7,1,12.8,46.4
15,7,1,14.3,47.15
15,7,1,9.2,44.6
15,7,1,13.2,46.6
15,7,1,5.9,42.95
15,7,1,7.7,43.85
15,7,1,12.8,46.4
15,7,1,16.3,48.15
15,7,1,20.4,50.2
15,7,1,17.9,48.95
15,7,1,27.8,53.9
15,7,1,7.9,43.95
15,8,1,10.0,45.0
15,8,1,100.0,90.0
15,8,1,47.8,63.9
15,8,1,36.3,58.15
15,8,1,37.4,58.7
15,10,1,100.0,90.0
15,10,1,38.4,59.2
15,10,1,100.0,90.0
15,10,1,2.5,41.25
15,10,1,10.1,45.05
15,10,1,7.5,43.75
15,11,1,8.5,44.25
15,11,1,8.2,44.1
15,11,1,10.5,45.25
15,11,1,10.2,45.1
15,11,1,42.4,61.2
15,11,1,35.0,57.5
15,11,1,36.3,58.15
15,12,1,36.8,58.4
15,12,1,35.7,57.85
15,12,1,41.2,60.6
15,12,1,41.8,60.9
15,12,1,11.6,45.8
15,12,1,3.7,41.85
15,13,1,2.5,41.25
15,13,1,4.2,42.1
15,13,1,2.3,41.15
15,13,1,6.5,43.25
15,13,1,10.3,45.15
15,13,1,3.6,41.8
15,13,1,6.0,43.0
15,13,1,5.3,42.65
15,13,1,3.2,41.6
15,13,1,2.4,41.2
15,14,1,2.1,41.05
15,14,1,1.4,40.7
15,14,1,2.9,41.45
15,14,1,3.3,41.65
15,14,1,3.3,41.65
15,14,1,1.5,40.75
15,14,1,7.3,43.65
15,14,1,4.5,42.25
15,14,1,2.1,41.05
15,15,1,2.2,41.1
15,15,1,2.8,41.4
15,15,1,4.0,42.0
15,15,1,2.6,41.3
15,15,1,5.1,42.55
15,15,1,1.9,40.95
15,15,1,5.0,42.5
15,15,1,2.8,41.4
15,15,1,2.1,41.05
15,16,1,7.0,43.5
15,16,1,2.7,41.35
15,16,1,3.7,41.85
15,16,1,4.1,42.05
15,16,1,2.9,41.45
15,16,1,3.3,41.65
15,16,1,4.0,42.0
15,16,1,4.7,42.35
15,16,1,2.5,41.25
15,17,1,3.2,41.6
15,17,1,2.5,41.25
15,17,1,3.2,41.6
15,17,1,11.6,45.8
15,17,1,10.6,45.3
15,17,1,6.4,43.2
15,17,1,6.7,43.35
15,17,1,7.9,43.95
15,17,1,18.9,49.45
15,18,1,4.5,42.25
15,18,1,9.7,44.85
15,18,1,5.6,42.8
15,18,1,9.2,44.6
15,18,1,6.1,43.05
15,18,1,23.4,51.7
15,18,1,8.8,44.4
15,18,1,100.0,90.0
15,18,1,54.3,67.15
15,19,1,40.5,60.25
15,19,1,12.1,46.05
15,19,1,9.6,44.8
15,19,1,18.0,49.0
15,19,1,14.4,47.2
15,19,1,10.8,45.4
15,19,1,11.0,45.5
15,19,1,11.9,45.95
15,19,1,5.8,42.9
15,20,1,3.5,41.75
15,20,1,5.1,42.55
15,20,1,10.2,45.1
15,20,1,11.2,45.6
15,20,1,12.9,46.45
15,20,1,20.4,50.2
15,20,1,14.3,47.15
15,20,1,5.3,42.65
15,21,1,5.0,42.5
15,21,1,3.4,41.7
15,21,1,6.4,43.2
15,21,1,10.1,45.05
15,21,1,4.2,42.1
15,21,1,10.5,45.25
15,21,1,4.6,42.3
15,21,1,3.6,41.8
15,21,1,11.6,45.8
15,21,1,2.7,41.35
15,22,1,3.0,41.5
15,22,1,3.8,41.9
15,22,1,1.8,40.9
15,22,1,6.3,43.15
15,22,1,3.8,41.9
15,22,1,2.0,41.0
15,22,1,2.0,41.0
15,22,1,3.0,41.5
15,22,1,11.5,45.75
15,23,1,3.8,41.9
15,23,1,10.3,45.15
15,23,1,3.9,41.95
15,23,1,1.3,40.65
15,23,1,5.2,42.6
15,23,1,4.0,42.0
15,23,1,3.0,41.5
15,23,1,4.1,42.05
15,23,1,12.1,46.05
15,23,1,7.1,43.55
15,24,1,9.8,44.9
15,24,1,20.9,50.45
15,24,1,12.7,46.35
15,24,1,13.6,46.8
15,24,1,8.0,44.0
15,24,1,12.7,46.35
15,24,1,14.3,47.15
15,24,1,20.9,50.45
15,25,1,10.7,45.35
15,25,1,14.5,47.25
15,25,1,15.9,47.95
15,25,1,11.4,45.7
15,25,1,28.5,54.25
15,25,1,22.2,51.1
15,25,1,39.9,59.95
15,25,1,9.4,44.7
15,26,1,24.3,52.15
15,26,1,9.5,44.75
15,26,1,14.5,47.25
15,26,1,9.8,44.9
15,26,1,18.5,49.25
15,26,1,7.8,43.9
15,26,1,18.6,49.3
15,27,1,20.5,50.25
15,27,1,22.9,51.45
15,27,1,11.2,45.6
15,27,1,11.4,45.7
15,27,1,14.7,47.35
15,27,1,17.0,48.5
15,27,1,13.8,46.9
15,27,1,13.4,46.7
15,27,1,33.7,56.85
15,28,1,12.5,46.25
15,28,1,9.4,44.7
15,28,1,17.5,48.75
15,28,1,10.9,45.45
15,28,1,4.3,42.15
15,28,1,5.8,42.9
15,28,1,4.3,42.15
15,28,1,7.5,43.75
15,28,1,8.9,44.45
15,28,1,9.2,44.6
15,28,1,4.8,42.4
15,28,1,8.5,44.25
15,28,1,4.0,42.0
15,28,1,5.7,42.85
15,28,1,18.8,49.4
15,28,1,4.2,42.1
15,28,1,5.1,42.55
15,29,1,8.5,44.25
15,29,1,7.0,43.5
15,29,1,4.9,42.45
15,29,1,12.3,46.15
15,29,1,4.2,42.1
15,29,1,5.4,42.7
15,29,1,3.6,41.8
15,29,1,8.6,44.3
15,29,1,3.3,41.65
15,29,1,6.1,43.05
15,29,1,7.8,43.9
15,29,1,4.8,42.4
15,29,1,4.6,42.3
15,29,1,5.7,42.85
15,29,1,4.0,42.0
15,29,1,7.0,43.5
15,29,1,13.8,46.9
15,30,1,4.6,42.3
15,30,1,6.7,43.35
15,30,1,3.9,41.95
15,30,1,8.9,44.45
15,30,1,5.0,42.5
15,30,1,4.7,42.35
15,30,1,10.6,45.3
15,30,1,15.6,47.8
15,30,1,4.2,42.1
15,30,1,5.0,42.5
15,30,1,7.2,43.6
15,30,1,5.9,42.95
15,30,1,11.4,45.7
15,30,1,6.3,43.15
15,30,1,4.8,42.4
15,30,1,7.6,43.8
15,30,1,5.6,42.8
15,31,1,11.4,45.7
15,31,1,7.7,43.85
15,31,1,8.6,44.3
15,31,1,9.6,44.8
15,31,1,6.6,43.3
15,31,1,4.8,42.4
15,31,1,12.9,46.45
15,31,1,8.4,44.2
15,31,1,13.8,46.9
15,31,1,9.9,44.95
15,31,1,8.6,44.3
15,31,1,6.8,43.4
15,31,1,12.6,46.3
15,31,1,10.6,45.3
15,32,1,8.6,44.3
15,32,1,14.3,47.15
15,32,1,3.6,41.8
15,32,1,6.1,43.05
15,32,1,12.7,46.35
15,32,1,10.2,45.1
15,32,1,18.2,49.1
15,32,1,18.3,49.15
15,32,1,7.4,43.7
15,32,1,7.4,43.7
15,32,1,6.2,43.1
15,32,1,6.5,43.25
15,32,1,11.5,45.75
15,32,1,11.4,45.7
15,32,1,5.9,42.95
15,32,1,13.5,46.75
15,33,1,7.6,43.8
15,33,1,6.6,43.3
15,33,1,9.9,44.95
15,33,1,11.0,45.5
15,33,1,5.7,42.85
15,33,1,16.0,48.0
15,33,1,9.0,44.5
15,33,1,8.9,44.45
15,33,1,11.3,45.65
15,33,1,8.6,44.3
15,33,1,10.1,45.05
15,33,1,12.3,46.15
15,33,1,8.3,44.15
15,33,1,9.6,44.8
15,33,1,8.5,44.25
15,34,1,4.6,42.3
15,34,1,15.5,47.75
15,34,1,6.3,43.15
15,34,1,5.8,42.9
15,34,1,6.2,43.1
15,34,1,20.0,50.0
15,34,1,10.8,45.4
15,34,1,5.1,42.55
15,34,1,6.2,43.1
15,34,1,11.6,45.8
15,34,1,13.6,46.8
15,34,1,8.2,44.1
15,34,1,9.9,44.95
15,34,1,18.5,49.25
15,34,1,6.6,43.3
15,35,1,11.2,45.6
15,35,1,11.5,45.75
15,35,1,13.3,46.65
15,35,1,5.8,42.9
15,35,1,9.3,44.65
15,35,1,12.1,46.05
15,35,1,17.9,48.95
15,35,1,9.3,44.65
15,35,1,8.9,44.45
15,35,1,12.6,46.3
15,35,1,12.9,46.45
15,35,1,6.9,43.45
15,35,1,8.1,44.05
15,35,1,7.1,43.55
15,35,1,9.4,44.7
15,36,1,11.2,45.6
15,36,1,17.7,48.85
15,36,1,8.6,44.3
15,36,1,6.7,43.35
15,36,1,16.7,48.35
15,36,1,9.3,44.65
15,36,1,9.2,44.6
15,36,1,9.2,44.6
15,36,1,6.2,43.1
15,36,1,11.6,45.8
15,36,1,10.8,45.4
15,36,1,5.7,42.85
15,36,1,7.4,43.7
15,36,1,10.9,45.45
15,36,1,5.0,42.5
15,36,1,7.6,43.8
15,37,1,15.7,47.85
15,37,1,15.1,47.55
15,37,1,13.3,46.65
15,37,1,6.0,43.0
15,37,1,7.2,43.6
15,37,1,10.0,45.0
15,37,1,18.6,49.3
15,37,1,12.6,46.3
15,37,1,21.1,50.55
15,37,1,7.7,43.85
15,37,1,15.0,47.5
15,37,1,29.8,54.9
15,37,1,18.6,49.3
15,37,1,39.9,59.95
15,38,1,23.4,51.7
15,38,1,7.0,43.5
15,38,1,20.3,50.15
15,38,1,6.2,43.1
15,38,1,13.0,46.5
15,38,1,23.9,51.95
15,38,1,10.6,45.3
15,38,1,28.2,54.1
15,38,1,18.5,49.25
15,38,1,24.6,52.3
15,38,1,13.6,46.8
15,38,1,9.1,44.55
15,38,1,12.9,46.45
15,38,1,11.2,45.6
15,39,1,25.3,52.65
15,39,1,8.8,44.4
15,39,1,7.7,43.85
15,39,1,7.6,43.8
15,39,1,12.8,46.4
15,39,1,11.8,45.9
15,39,1,14.1,47.05
15,39,1,17.2,48.6
15,39,1,5.3,42.65
15,39,1,6.8,43.4
15,39,1,4.6,42.3
15,39,1,8.9,44.45
15,39,1,19.9,49.95
15,39,1,5.9,42.95
15,40,1,6.2,43.1
15,40,1,12.6,46.3
15,40,1,8.2,44.1
15,40,1,7.8,43.9
15,40,1,4.8,42.4
15,40,1,4.6,42.3
15,40,1,12.5,46.25
15,40,1,8.2,44.1
15,40,1,15.8,47.9
15,40,1,10.3,45.15
15,40,1,4.4,42.2
15,40,1,14.5,47.25
15,40,1,7.0,43.5
15,41,1,12.3,46.15
15,41,1,11.5,45.75
15,41,1,4.7,42.35
15,41,1,9.1,44.55
15,41,1,4.7,42.35
15,41,1,11.5,45.75
15,41,1,6.1,43.05
15,41,1,5.6,42.8
15,41,1,16.3,48.15
15,41,1,6.9,43.45
15,41,1,9.3,44.65
15,41,1,8.6,44.3
15,41,1,10.3,45.15
15,42,1,18.8,49.4
15,42,1,6.5,43.25
15,42,1,8.6,44.3
15,42,1,12.9,46.45
15,42,1,8.0,44.0
15,42,1,44.6,62.3
15,42,1,9.1,44.55
15,42,1,5.5,42.75
15,42,1,7.8,43.9
15,42,1,14.8,47.4
15,42,1,12.7,46.35
15,42,1,22.4,51.2
15,42,1,8.6,44.3
15,42,1,8.7,44.35
15,42,1,20.6,50.3
15,43,1,7.1,43.55
15,43,1,6.5,43.25
15,43,1,10.4,45.2
15,43,1,10.4,45.2
15,43,1,11.8,45.9
15,43,1,13.3,46.65
15,43,1,4.1,42.05
15,43,1,17.1,48.55
15,43,1,12.7,46.35
15,43,1,7.2,43.6
15,43,1,6.6,43.3
15,43,1,21.9,50.95
15,43,1,6.5,43.25
15,43,1,10.2,45.1
15,44,1,7.1,43.55
15,44,1,7.3,43.65
15,44,1,14.5,47.25
15,44,1,17.5,48.75
15,44,1,7.2,43.6
15,44,1,11.7,45.85
15,44,1,8.9,44.45
15,44,1,9.2,44.6
15,44,1,14.7,47.35
15,44,1,17.7,48.85
15,44,1,6.6,43.3
15,44,1,7.0,43.5
15,44,1,13.1,46.55
15,44,1,13.7,46.85
15,44,1,10.5,45.25
15,44,1,7.1,43.55
15,45,1,10.7,45.35
15,45,1,9.7,44.85
15,45,1,5.7,42.85
15,45,1,7.2,43.6
15,45,1,13.3,46.65
15,45,1,6.9,43.45
15,45,1,15.7,47.85
15,45,1,20.4,50.2
15,45,1,7.0,43.5
15,45,1,8.6,44.3
15,45,1,6.5,43.25
15,45,1,3.5,41.75
15,45,1,5.3,42.65
15,45,1,11.8,45.9
15,45,1,10.7,45.35
15,46,1,26.2,53.1
15,46,1,10.0,45.0
15,46,1,6.0,43.0
15,46,1,6.4,43.2
15,46,1,9.2,44.6
15,46,1,4.2,42.1
15,46,1,10.1,45.05
15,46,1,9.3,44.65
15,46,1,9.8,44.9
15,46,1,21.1,50.55
15,46,1,15.1,47.55
15,46,1,25.0,52.5
21,33,1,5.4,42.7
21,33,1,9.6,44.8
21,34,1,6.7,43.35
21,34,1,6.3,43.15
21,34,1,7.8,43.9
21,34,1,9.2,44.6
21,34,1,17.2,48.6
21,39,1,9.5,44.75
21,40,1,6.2,43.1
21,40,1,12.2,46.1
21,40,1,8.4,44.2
21,40,1,8.1,44.05
21,40,1,16.4,48.2
21,40,1,16.3,48.15
21,40,1,15.1,47.55
21,40,1,30.5,55.25
21,41,1,13.1,46.55
21,41,1,8.3,44.15
21,41,1,16.5,48.25
21,41,1,8.8,44.4
21,41,1,11.8,45.9
21,41,1,6.4,43.2
21,42,1,8.1,44.05
21,42,1,6.6,43.3
21,42,1,6.4,43.2
21,42,1,9.6,44.8
21,42,1,11.9,45.95
21,42,1,6.4,43.2
21,42,1,6.4,43.2
21,43,1,10.1,45.05
21,43,1,9.1,44.55
21,43,1,9.5,44.75
21,43,1,8.0,44.0
21,43,1,13.2,46.6
21,44,1,6.2,43.1
21,44,1,11.1,45.55
21,44,1,5.8,42.9
21,44,1,6.4,43.2
21,44,1,14.2,47.1
21,44,1,12.0,46.0
21,44,1,14.9,47.45
21,45,1,14.3,47.15
21,45,1,11.2,45.6
21,45,1,17.1,48.55
21,55,1,17.8,48.9
21,55,1,13.8,46.9
21,55,1,13.4,46.7
21,55,1,12.1,46.05
21,55,1,12.9,46.45
21,56,1,15.5,47.75
21,56,1,13.5,46.75
21,57,1,12.1,46.05
21,57,1,10.7,45.35
21,57,1,14.1,47.05
21,57,1,11.8,45.9
22,1,1,22.2,51.1
22,1,1,13.7,46.85
22,1,1,15.2,47.6
22,1,1,10.2,45.1
22,1,1,14.6,47.3
22,1,1,13.9,46.95
22,2,1,18.0,49.0
22,2,1,19.9,49.95
22,2,1,15.2,47.6
22,2,1,17.1,48.55
22,2,1,17.0,48.5
22,3,1,11.6,45.8
22,3,1,8.6,44.3
22,3,1,16.2,48.1
22,3,1,10.8,45.4
22,3,1,15.9,47.95
22,3,1,6.8,43.4
22,3,1,10.1,45.05
22,3,1,11.8,45.9
22,4,1,9.5,44.75
22,4,1,12.3,46.15
22,4,1,13.4,46.7
22,4,1,14.2,47.1
22,4,1,22.5,51.25
22,4,1,12.1,46.05
22,4,1,16.0,48.0
22,5,1,17.7,48.85
22,5,1,14.8,47.4
22,5,1,8.9,44.45
22,5,1,14.8,47.4
22,5,1,8.3,44.15
22,5,1,14.3,47.15
22,5,1,22.4,51.2
22,5,1,16.2,48.1
22,6,1,20.1,50.05
22,6,1,16.2,48.1
22,6,1,22.5,51.25
22,6,1,17.0,48.5
22,6,1,42.6,61.3
22,6,1,31.2,55.6
22,6,1,23.7,51.85
22,7,1,35.5,57.75
22,7,1,35.4,57.7
22,7,1,19.2,49.6
22,7,1,21.0,50.5
22,8,1,14.1,47.05
22,8,1,12.5,46.25
22,8,1,10.4,45.2
22,8,1,12.5,46.25
22,9,1,13.3,46.65
22,9,1,8.7,44.35
22,9,1,17.6,48.8
22,9,1,11.2,45.6
22,9,1,11.2,45.6
22,9,1,17.5,48.75
22,9,1,22.8,51.4
22,9,1,12.6,46.3
22,10,1,14.4,47.2
22,10,1,16.9,48.45
22,10,1,30.1,55.05
22,10,1,19.6,49.8
22,10,1,10.6,45.3
22,16,1,14.7,47.35
22,16,1,12.8,46.4
22,16,1,14.0,47.0
22,16,1,8.6,44.3
22,17,1,12.3,46.15
22,17,1,8.7,44.35
22,17,1,22.6,51.3
22,17,1,15.4,47.7
22,17,1,12.8,46.4
22,17,1,18.1,49.05
22,18,1,10.1,45.05
22,18,1,19.1,49.55
22,18,1,10.2,45.1
22,18,1,11.8,45.9
22,18,1,14.4,47.2
22,18,1,19.0,49.5
22,19,1,12.4,46.2
22,19,1,10.0,45.0
22,19,1,12.1,46.05
22,19,1,10.8,45.4
22,19,1,11.8,45.9
22,19,1,9.3,44.65
22,19,1,21.0,50.5
22,20,1,12.0,46.0
22,20,1,35.5,57.75
22,20,1,15.7,47.85
22,21,1,11.0,45.5
22,21,1,11.7,45.85
22,21,1,10.0,45.0
22,21,1,12.7,46.35
22,21,1,14.3,47.15
22,21,1,13.2,46.6
22,21,1,9.3,44.65
22,21,1,8.8,44.4
22,22,1,15.4,47.7
22,22,1,13.0,46.5
22,31,1,12.2,46.1
22,31,1,10.8,45.4
22,31,1,7.8,43.9
22,31,1,6.3,43.15
22,31,1,11.7,45.85
22,31,1,9.7,44.85
22,31,1,8.7,44.35
22,31,1,5.7,42.85
22,31,1,19.8,49.9
22,32,1,5.3,42.65
22,32,1,6.1,43.05
22,32,1,7.2,43.6
22,48,1,15.5,47.75
22,48,1,7.2,43.6
23,0,1,6.9,43.45
11,0,2,19.3,49.65
11,0,2,12.2,46.1
11,0,2,15.5,47.75
11,0,2,13.4,46.7
11,0,2,9.8,44.9
11,32,2,7.6,43.8
11,33,2,7.6,43.8
11,33,2,8.8,44.4
11,33,2,8.0,44.0
11,33,2,7.3,43.65
11,33,2,12.4,46.2
11,33,2,10.3,45.15
11,33,2,11.1,45.55
11,33,2,8.7,44.35
11,33,2,9.2,44.6
11,34,2,22.1,51.05
11,34,2,10.4,45.2
11,34,2,12.4,46.2
11,34,2,12.8,46.4
11,34,2,16.5,48.25
11,34,2,20.8,50.4
11,34,2,15.3,47.65
11,34,2,25.3,52.65
11,35,2,25.6,52.8
11,35,2,60.1,70.05
11,35,2,27.5,53.75
11,35,2,19.5,49.75
11,35,2,17.8,48.9
11,35,2,11.5,45.75
11,35,2,10.6,45.3
11,35,2,30.7,55.35
11,35,2,22.9,51.45
11,36,2,14.8,47.4
11,36,2,27.0,53.5
11,36,2,31.8,55.9
11,36,2,25.5,52.75
11,36,2,43.0,61.5
11,36,2,23.1,51.55
11,36,2,37.6,58.8
11,36,2,44.6,62.3
11,37,2,61.1,70.55
11,37,2,46.0,63.0
11,37,2,42.2,61.1
11,37,2,53.7,66.85
11,37,2,60.8,70.4
11,37,2,60.3,70.15
11,37,2,48.3,64.15
11,37,2,63.3,71.65
11,38,2,64.8,72.4
11,38,2,60.9,70.45
11,38,2,59.6,69.8
11,38,2,53.5,66.75
11,38,2,80.2,80.1
11,38,2,78.0,79.0
11,39,2,63.3,71.65
11,39,2,68.2,74.1
11,39,2,78.8,79.4
11,39,2,75.3,77.65
11,39,2,80.4,80.2
11,39,2,76.6,78.3
11,39,2,67.3,73.65
11,39,2,65.7,72.85
11,40,2,67.6,73.8
11,40,2,57.1,68.55
11,40,2,60.4,70.2
11,40,2,58.4,69.2
11,40,2,64.7,72.35
11,40,2,62.3,71.15
11,40,2,54.8,67.4
11,40,2,55.1,67.55
11,40,2,53.1,66.55
11,41,2,58.3,69.15
11,41,2,66.1,73.05
11,41,2,56.8,68.4
11,41,2,56.3,68.15
11,41,2,58.6,69.3
11,41,2,53.9,66.95
11,41,2,55.9,67.95
11,41,2,55.1,67.55
11,41,2,48.3,64.15
11,42,2,54.8,67.4
11,42,2,59.2,69.6
11,42,2,50.7,65.35
11,42,2,63.4,71.7
11,42,2,61.3,70.65
11,42,2,53.2,66.6
11,42,2,56.6,68.3
11,43,2,68.3,74.15
11,43,2,60.9,70.45
11,43,2,34.5,57.25
11,43,2,33.6,56.8
11,43,2,16.6,48.3
11,43,2,30.7,55.35
11,43,2,33.8,56.9
11,44,2,38.7,59.35
11,44,2,57.3,68.65
11,44,2,61.0,70.5
11,44,2,65.9,72.95
11,44,2,57.8,68.9
11,44,2,59.4,69.7
11,45,2,60.9,70.45
11,45,2,55.4,67.7
11,45,2,63.5,71.75
11,45,2,36.6,58.3
11,45,2,55.6,67.8
11,45,2,80.5,80.25
11,46,2,81.2,80.6
11,46,2,52.1,66.05
11,46,2,70.5,75.25
11,46,2,80.5,80.25
11,46,2,80.0,80.0
11,46,2,74.1,77.05
11,47,2,65.2,72.6
11,47,2,64.8,72.4
11,47,2,57.6,68.8
11,47,2,65.0,72.5
11,47,2,71.7,75.85
11,48,2,35.8,57.9
11,48,2,6.0,43.0
11,48,2,16.1,48.05
11,48,2,18.5,49.25
11,48,2,19.5,49.75
11,48,2,12.3,46.15
11,48,2,14.6,47.3
11,49,2,15.8,47.9
11,49,2,9.2,44.6
11,49,2,16.3,48.15
11,49,2,14.2,47.1
11,49,2,8.1,44.05
11,49,2,15.6,47.8
11,49,2,14.2,47.1
11,50,2,7.7,43.85
11,50,2,17.0,48.5
11,50,2,38.2,59.1
11,50,2,11.3,45.65
11,50,2,11.4,45.7
11,56,2,12.7,46.35
11,56,2,9.1,44.55
11,56,2,21.1,50.55
11,56,2,7.6,43.8
11,56,2,11.2,45.6
11,56,2,25.6,52.8
11,56,2,22.0,51.0
11,57,2,18.4,49.2
11,57,2,21.7,50.85
11,57,2,17.2,48.6
11,57,2,14.2,47.1
11,57,2,61.5,70.75
11,57,2,24.9,52.45
11,57,2,59.4,69.7
11,57,2,46.1,63.05
11,58,2,15.0,47.5
11,58,2,18.3,49.15
11,58,2,13.4,46.7
11,58,2,75.2,77.6
11,58,2,38.4,59.2
11,58,2,21.1,50.55
11,58,2,31.1,55.55
11,58,2,35.1,57.55
11,58,2,33.2,56.6
11,59,2,30.0,55.0
11,59,2,30.1,55.05
11,59,2,25.4,52.7
11,59,2,51.9,65.95
11,59,2,61.7,70.85
11,59,2,62.4,71.2
11,59,2,61.2,70.6
11,59,2,66.8,73.4
11,59,2,55.2,67.6
11,59,2,66.0,73.0
12,0,2,56.1,68.05
12,0,2,55.6,67.8
12,0,2,47.1,63.55
12,0,2,56.3,68.15
12,0,2,60.5,70.25
12,0,2,58.5,69.25
12,0,2,45.7,62.85
12,0,2,58.0,69.0
12,0,2,70.5,75.25
12,0,2,63.3,71.65
12,1,2,78.6,79.3
12,1,2,75.1,77.55
12,1,2,40.9,60.45
12,1,2,62.8,71.4
12,1,2,65.8,72.9
12,1,2,75.9,77.95
12,1,2,72.9,76.45
12,1,2,77.5,78.75
12,1,2,74.7,77.35
12,1,2,61.8,70.9
12,2,2,74.8,77.4
12,2,2,76.4,78.2
12,2,2,70.1,75.05
12,2,2,67.6,73.8
12,2,2,53.1,66.55
12,2,2,64.3,72.15
12,2,2,65.5,72.75
12,2,2,60.1,70.05
12,2,2,62.1,71.05
12,2,2,64.3,72.15
12,3,2,59.9,69.95
12,3,2,66.3,73.15
12,3,2,46.9,63.45
12,3,2,61.2,70.6
12,3,2,46.4,63.2
12,3,2,53.3,66.65
12,3,2,61.7,70.85
12,3,2,56.1,68.05
12,3,2,56.1,68.05
12,3,2,49.9,64.95
12,4,2,19.9,49.95
12,4,2,47.5,63.75
12,4,2,14.0,47.0
12,4,2,11.9,45.95
12,4,2,7.4,43.7
12,4,2,7.8,43.9
12,4,2,9.8,44.9
12,4,2,6.4,43.2
12,5,2,13.4,46.7
12,5,2,16.7,48.35
12,5,2,9.8,44.9
12,5,2,11.1,45.55
12,5,2,14.6,47.3
12,5,2,6.6,43.3
12,5,2,6.7,43.35
12,5,2,7.7,43.85
12,5,2,6.2,43.1
12,6,2,8.8,44.4
12,6,2,16.1,48.05
12,6,2,8.1,44.05
12,6,2,20.3,50.15
12,6,2,16.6,48.3
12,6,2,17.2,48.6
12,6,2,100.0,90.0
12,7,2,13.3,46.65
12,7,2,6.1,43.05
12,7,2,10.0,45.0
12,7,2,12.4,46.2
12,7,2,9.5,44.75
12,7,2,10.1,45.05
12,7,2,9.1,44.55
12,7,2,11.5,45.75
12,7,2,11.6,45.8
12,7,2,10.8,45.4
12,8,2,11.5,45.75
12,8,2,10.1,45.05
12,8,2,99.0,89.5
12,8,2,38.6,59.3
12,8,2,100.0,90.0
12,9,2,11.5,45.75
12,9,2,6.0,43.0
12,9,2,7.6,43.8
12,9,2,12.8,46.4
12,9,2,9.0,44.5
12,9,2,8.5,44.25
12,9,2,8.9,44.45
12,9,2,9.0,44.5
12,10,2,13.7,46.85
12,10,2,10.3,45.15
12,10,2,6.6,43.3
12,10,2,6.0,43.0
12,10,2,13.4,46.7
12,10,2,8.8,44.4
12,10,2,9.8,44.9
12,10,2,5.8,42.9
12,10,2,12.8,46.4
12,11,2,9.8,44.9
12,11,2,6.9,43.45
12,11,2,18.5,49.25
12,11,2,5.5,42.75
12,11,2,5.3,42.65
12,11,2,5.9,42.95
12,11,2,6.8,43.4
12,11,2,6.4,43.2
12,11,2,9.8,44.9
12,11,2,10.8,45.4
12,12,2,10.8,45.4
12,12,2,11.4,45.7
12,12,2,13.0,46.5
12,12,2,6.9,43.45
12,12,2,14.8,47.4
12,12,2,27.1,53.55
12,12,2,15.1,47.55
12,12,2,12.5,46.25
12,13,2,8.5,44.25
12,13,2,20.1,50.05
12,13,2,17.3,48.65
12,13,2,17.3,48.65
12,13,2,16.2,48.1
12,13,2,21.6,50.8
12,13,2,23.9,51.95
12,13,2,16.2,48.1
12,14,2,10.6,45.3
12,14,2,16.6,48.3
12,14,2,10.5,45.25
12,14,2,22.8,51.4
12,14,2,25.5,52.75
12,14,2,11.6,45.8
12,14,2,14.3,47.15
12,14,2,5.0,42.5
12,15,2,8.9,44.45
12,15,2,8.8,44.4
12,15,2,10.8,45.4
12,15,2,10.2,45.1
12,15,2,12.2,46.1
12,15,2,19.5,49.75
12,15,2,12.2,46.1
12,16,2,11.5,45.75
12,16,2,12.8,46.4
12,16,2,13.0,46.5
12,16,2,10.3,45.15
12,17,2,8.4,44.2
12,17,2,12.6,46.3
12,17,2,8.3,44.15
12,17,2,8.0,44.0
12,17,2,7.8,43.9
12,17,2,10.1,45.05
12,17,2,3.3,41.65
12,17,2,19.9,49.95
12,17,2,14.2,47.1
12,18,2,9.0,44.5
12,18,2,7.1,43.55
12,18,2,7.4,43.7
12,18,2,7.6,43.8
12,18,2,12.8,46.4
12,18,2,8.5,44.25
12,18,2,12.6,46.3
12,18,2,22.9,51.45
12,18,2,12.2,46.1
12,19,2,19.5,49.75
12,19,2,9.0,44.5
12,19,2,22.3,51.15
12,19,2,16.1,48.05
12,19,2,17.6,48.8
12,19,2,19.5,49.75
12,19,2,23.7,51.85
12,19,2,14.0,47.0
12,20,2,20.4,50.2
12,20,2,17.6,48.8
12,20,2,13.9,46.95
12,20,2,12.4,46.2
12,20,2,13.1,46.55
12,20,2,8.1,44.05
12,20,2,16.6,48.3
12,20,2,8.5,44.25
12,21,2,15.3,47.65
12,21,2,10.5,45.25
12,21,2,5.9,42.95
12,21,2,15.3,47.65
12,21,2,12.3,46.15
12,21,2,11.7,45.85
12,21,2,14.5,47.25
12,26,2,16.9,48.45
12,26,2,16.3,48.15
12,27,2,7.8,43.9
12,27,2,8.2,44.1
12,27,2,9.0,44.5
12,27,2,9.7,44.85
12,27,2,100.0,90.0
12,27,2,9.5,44.75
12,27,2,9.3,44.65
12,28,2,6.7,43.35
12,28,2,8.2,44.1
12,28,2,34.2,57.1
12,28,2,12.8,46.4
12,28,2,9.5,44.75
12,28,2,29.6,54.8
12,28,2,8.3,44.15
12,28,2,24.5,52.25
12,29,2,50.6,65.3
12,29,2,6.2,43.1
12,29,2,6.0,43.0
12,29,2,9.1,44.55
12,29,2,14.4,47.2
12,29,2,12.2,46.1
12,29,2,9.2,44.6
12,29,2,42.8,61.4
12,30,2,7.9,43.95
12,30,2,7.1,43.55
12,30,2,10.6,45.3
12,30,2,15.5,47.75
12,30,2,12.7,46.35
12,30,2,11.0,45.5
12,30,2,11.6,45.8
12,30,2,13.0,46.5
12,30,2,17.0,48.5
12,31,2,12.3,46.15
12,31,2,10.6,45.3
12,31,2,5.4,42.7
12,31,2,11.6,45.8
12,31,2,27.5,53.75
12,31,2,16.6,48.3
12,31,2,20.1,50.05
12,31,2,12.3,46.15
12,31,2,8.6,44.3
12,32,2,8.7,44.35
12,32,2,16.8,48.4
12,32,2,11.1,45.55
12,32,2,20.9,50.45
12,32,2,21.9,50.95
12,32,2,18.5,49.25
12,32,2,16.6,48.3
12,33,2,28.0,54.0
12,33,2,23.8,51.9
12,33,2,20.4,50.2
12,33,2,21.4,50.7
12,33,2,36.2,58.1
12,33,2,30.0,55.0
12,33,2,16.1,48.05
12,34,2,18.9,49.45
12,34,2,11.2,45.6
12,34,2,23.8,51.9
12,34,2,19.4,49.7
12,34,2,17.6,48.8
12,34,2,24.6,52.3
12,34,2,15.5,47.75
12,35,2,19.2,49.6
12,35,2,11.3,45.65
12,35,2,10.8,45.4
12,35,2,13.7,46.85
12,35,2,22.0,51.0
12,35,2,20.3,50.15
12,35,2,17.2,48.6
12,35,2,43.2,61.6
12,36,2,19.4,49.7
12,36,2,21.6,50.8
12,36,2,11.4,45.7
12,36,2,26.4,53.2
12,36,2,20.4,50.2
12,36,2,13.0,46.5
12,36,2,12.6,46.3
12,37,2,7.8,43.9
12,37,2,18.3,49.15
12,37,2,23.5,51.75
12,37,2,19.2,49.6
12,37,2,22.2,51.1
12,37,2,20.8,50.4
12,37,2,20.3,50.15
12,38,2,9.8,44.9
12,38,2,14.2,47.1
12,38,2,16.5,48.25
12,38,2,9.1,44.55
12,38,2,21.7,50.85
12,38,2,13.6,46.8
12,38,2,14.8,47.4
12,39,2,31.9,55.95
12,39,2,19.3,49.65
12,39,2,20.1,50.05
12,39,2,12.2,46.1
12,39,2,22.8,51.4
12,39,2,28.6,54.3
12,39,2,26.1,53.05
12,40,2,29.9,54.95
12,40,2,18.4,49.2
12,40,2,16.8,48.4
12,40,2,11.7,45.85
12,40,2,29.1,54.55
12,40,2,19.1,49.55
12,40,2,11.1,45.55
12,40,2,16.8,48.4
12,40,2,14.4,47.2
12,40,2,21.9,50.95
12,41,2,5.1,42.55
12,41,2,8.0,44.0
12,41,2,8.9,44.45
12,41,2,15.5,47.75
12,41,2,23.7,51.85
12,42,2,9.8,44.9
12,42,2,5.9,42.95
12,42,2,7.0,43.5
12,42,2,8.5,44.25
12,42,2,14.5,47.25
12,42,2,5.4,42.7
12,42,2,15.9,47.95
12,42,2,8.4,44.2
12,42,2,10.7,45.35
12,42,2,14.0,47.0
12,43,2,33.4,56.7
12,43,2,15.2,47.6
12,43,2,9.7,44.85
12,43,2,17.4,48.7
12,43,2,25.2,52.6
12,43,2,14.3,47.15
12,43,2,10.4,45.2
12,43,2,15.0,47.5
12,44,2,7.6,43.8
12,44,2,14.7,47.35
12,44,2,7.9,43.95
12,44,2,16.0,48.0
12,44,2,19.1,49.55
12,44,2,17.8,48.9
12,44,2,11.5,45.75
12,45,2,18.3,49.15
12,45,2,18.4,49.2
12,45,2,15.3,47.65
12,45,2,13.8,46.9
12,45,2,11.9,45.95
12,50,2,6.4,43.2
12,50,2,6.0,43.0
12,50,2,13.0,46.5
12,50,2,7.2,43.6
12,50,2,9.2,44.6
12,51,2,8.9,44.45
12,51,2,7.3,43.65
12,51,2,7.7,43.85
12,51,2,8.9,44.45
12,51,2,11.4,45.7
12,52,2,100.0,90.0
12,52,2,100.0,90.0
12,52,2,18.9,49.45
12,53,2,14.4,47.2
12,53,2,11.4,45.7
12,53,2,19.7,49.85
12,53,2,14.0,47.0
12,54,2,17.7,48.85
12,54,2,15.7,47.85
12,54,2,29.1,54.55
12,54,2,28.4,54.2
12,54,2,27.4,53.7
12,55,2,29.1,54.55
12,55,2,28.7,54.35
12,56,2,10.1,45.05
12,56,2,7.4,43.7
12,56,2,10.1,45.05
12,57,2,4.6,42.3
12,57,2,8.8,44.4
12,57,2,5.9,42.95
12,57,2,9.6,44.8
12,57,2,10.9,45.45
12,58,2,12.6,46.3
12,58,2,5.9,42.95
12,58,2,6.3,43.15
12,58,2,9.9,44.95
12,59,2,10.9,45.45
12,59,2,19.7,49.85
12,59,2,16.2,48.1
12,59,2,14.7,47.35
12,59,2,16.2,48.1
13,0,2,16.0,48.0
13,0,2,17.4,48.7
13,0,2,21.9,50.95
13,0,2,7.5,43.75
13,0,2,5.2,42.6
13,1,2,5.4,42.7
13,1,2,9.2,44.6
13,2,2,8.5,44.25
13,2,2,7.1,43.55
13,2,2,5.7,42.85
13,2,2,6.3,43.15
13,3,2,7.8,43.9
13,3,2,65.5,72.75
13,3,2,36.5,58.25
13,3,2,9.9,44.95
13,4,2,7.9,43.95
13,4,2,5.7,42.85
13,4,2,10.6,45.3
13,4,2,11.0,45.5
13,4,2,7.9,43.95
13,5,2,18.9,49.45
13,5,2,6.8,43.4
13,5,2,10.3,45.15
13,5,2,13.1,46.55
13,5,2,13.6,46.8
13,6,2,12.3,46.15
13,6,2,7.4,43.7
13,6,2,8.9,44.45
13,6,2,11.0,45.5
13,7,2,8.0,44.0
13,7,2,26.1,53.05
13,7,2,9.0,44.5
13,7,2,7.5,43.75
13,7,2,11.4,45.7
13,8,2,8.7,44.35
13,8,2,7.8,43.9
13,8,2,9.4,44.7
13,8,2,8.6,44.3
13,8,2,10.6,45.3
13,9,2,11.1,45.55
13,9,2,12.9,46.45
13,9,2,11.4,45.7
13,9,2,3.9,41.95
13,10,2,12.2,46.1
13,10,2,10.0,45.0
13,10,2,8.2,44.1
13,10,2,7.4,43.7
13,10,2,10.7,45.35
13,11,2,10.9,45.45
13,11,2,8.1,44.05
13,11,2,3.0,41.5
13,11,2,14.4,47.2
13,11,2,11.1,45.55
13,12,2,20.8,50.4
13,12,2,12.9,46.45
13,12,2,10.4,45.2
13,12,2,14.5,47.25
13,12,2,12.9,46.45
13,13,2,21.1,50.55
13,13,2,9.3,44.65
13,13,2,10.5,45.25
13,13,2,11.1,45.55
13,13,2,5.5,42.75
13,14,2,7.1,43.55
13,14,2,8.5,44.25
13,14,2,8.6,44.3
13,14,2,7.2,43.6
13,14,2,6.9,43.45
13,15,2,4.6,42.3
13,15,2,5.9,42.95
13,15,2,5.3,42.65
13,15,2,7.2,43.6
13,15,2,12.2,46.1
13,16,2,9.2,44.6
13,16,2,15.3,47.65
13,16,2,12.6,46.3
13,16,2,6.8,43.4
13,16,2,6.1,43.05
13,17,2,8.7,44.35
13,17,2,7.0,43.5
13,17,2,10.4,45.2
13,17,2,6.8,43.4
13,18,2,10.4,45.2
13,18,2,11.4,45.7
13,18,2,9.4,44.7
13,18,2,5.2,42.6
13,18,2,9.2,44.6
13,19,2,8.0,44.0
13,19,2,9.4,44.7
13,19,2,8.0,44.0
13,19,2,9.0,44.5
13,19,2,9.2,44.6
13,20,2,6.8,43.4
13,20,2,7.7,43.85
13,20,2,5.8,42.9
13,20,2,10.1,45.05
13,21,2,5.8,42.9
13,21,2,12.7,46.35
13,21,2,9.7,44.85
13,21,2,8.7,44.35
13,21,2,8.7,44.35
13,22,2,9.6,44.8
13,22,2,100.0,90.0
13,22,2,6.9,43.45
13,22,2,7.9,43.95
13,23,2,6.5,43.25
13,23,2,8.2,44.1
13,23,2,8.8,44.4
13,23,2,11.2,45.6
13,24,2,11.8,45.9
13,24,2,8.1,44.05
13,24,2,9.7,44.85
13,24,2,5.1,42.55
13,25,2,75.2,77.6
13,25,2,5.9,42.95
13,25,2,100.0,90.0
13,26,2,20.9,50.45
13,26,2,46.3,63.15
13,26,2,59.5,69.75
13,26,2,29.6,54.8
13,26,2,45.3,62.65
13,27,2,22.2,51.1
13,27,2,19.6,49.8
13,27,2,12.3,46.15
13,27,2,40.5,60.25
13,27,2,28.4,54.2
13,28,2,47.5,63.75
13,28,2,61.0,70.5
13,28,2,47.1,63.55
13,28,2,77.7,78.85
13,29,2,7.2,43.6
13,29,2,7.3,43.65
13,29,2,8.9,44.45
13,30,2,8.6,44.3
13,30,2,11.8,45.9
13,30,2,7.3,43.65
13,30,2,6.8,43.4
13,30,2,11.2,45.6
13,31,2,9.3,44.65
13,31,2,6.2,43.1
13,31,2,7.6,43.8
13,31,2,6.3,43.15
13,31,2,8.5,44.25
13,31,2,7.6,43.8
13,32,2,8.2,44.1
13,32,2,6.5,43.25
13,32,2,4.9,42.45
13,32,2,13.2,46.6
13,32,2,10.0,45.0
13,33,2,5.5,42.75
14,22,2,14.4,47.2
14,22,2,11.5,45.75
14,23,2,19.3,49.65
14,23,2,8.5,44.25
14,23,2,16.8,48.4
14,24,2,8.4,44.2
14,24,2,100.0,90.0
14,24,2,10.1,45.05
14,24,2,9.6,44.8
14,25,2,15.1,47.55
14,25,2,12.7,46.35
14,25,2,11.5,45.75
14,25,2,11.1,45.55
14,26,2,14.0,47.0
14,26,2,14.4,47.2
14,26,2,100.0,90.0
14,27,2,100.0,90.0
14,28,2,10.1,45.05
14,28,2,11.9,45.95
14,28,2,10.6,45.3
14,29,2,13.4,46.7
14,29,2,10.9,45.45
14,29,2,11.2,45.6
14,29,2,11.0,45.5
15,30,2,9.8,44.9
15,31,2,7.1,43.55
15,31,2,73.9,76.95
15,31,2,100.0,90.0
15,32,2,100.0,90.0
15,36,2,35.6,57.8
15,36,2,31.4,55.7
15,36,2,3.6,41.8
15,36,2,2.6,41.3
15,37,2,100.0,90.0
15,38,2,58.8,69.4
15,38,2,15.9,47.95
15,38,2,18.7,49.35
15,38,2,16.2,48.1
15,52,2,2.5,41.25
15,52,2,5.6,42.8
15,52,2,1.0,40.5
15,53,2,4.6,42.3
15,53,2,1.6,40.8
15,53,2,0.7,40.35
15,53,2,3.5,41.75
15,53,2,4.0,42.0
15,54,2,2.1,41.05
15,54,2,4.3,42.15
15,54,2,6.3,43.15
15,54,2,1.9,40.95
15,54,2,5.6,42.8
15,55,2,2.6,41.3
15,55,2,5.5,42.75
15,55,2,4.2,42.1
15,55,2,1.8,40.9
15,55,2,7.4,43.7
15,56,2,25.7,52.85
15,56,2,100.0,90.0
15,56,2,9.1,44.55
15,56,2,9.2,44.6
15,57,2,4.4,42.2
15,57,2,11.5,45.75
15,57,2,5.2,42.6
15,57,2,4.0,42.0
15,57,2,6.7,43.35
15,58,2,4.7,42.35
15,58,2,2.6,41.3
15,58,2,14.5,47.25
15,58,2,4.5,42.25
15,58,2,3.2,41.6
15,59,2,1.9,40.95
15,59,2,100.0,90.0
16,5,2,9.2,44.6
16,6,2,1.8,40.9
16,6,2,8.1,44.05
16,6,2,10.6,45.3
16,6,2,20.4,50.2
16,6,2,2.0,41.0
16,7,2,6.9,43.45
16,7,2,95.4,87.7
16,7,2,43.2,61.6
16,7,2,100.0,90.0
16,8,2,15.1,47.55
16,9,2,12.0,46.0
16,9,2,6.5,43.25
16,9,2,5.9,42.95
16,9,2,10.1,45.05
16,9,2,13.3,46.65
16,10,2,9.5,44.75
16,10,2,6.6,43.3
16,10,2,9.6,44.8
16,10,2,13.8,46.9
16,11,2,15.3,47.65
16,11,2,11.3,45.65
16,11,2,13.3,46.65
16,11,2,7.8,43.9
16,11,2,9.0,44.5
16,12,2,12.0,46.0
16,12,2,12.6,46.3
16,12,2,13.0,46.5
16,12,2,13.7,46.85
16,13,2,9.4,44.7
16,13,2,18.8,49.4
16,13,2,12.5,46.25
16,13,2,9.0,44.5
16,13,2,14.1,47.05
16,14,2,7.4,43.7
16,14,2,6.6,43.3
16,14,2,6.3,43.15
16,14,2,100.0,90.0
16,15,2,8.5,44.25
16,15,2,6.1,43.05
16,15,2,9.1,44.55
16,15,2,7.6,43.8
16,16,2,6.5,43.25
16,16,2,29.1,54.55
16,16,2,5.6,42.8
16,16,2,8.5,44.25
16,16,2,9.4,44.7
16,17,2,10.5,45.25
16,17,2,5.8,42.9
16,17,2,10.3,45.15
16,17,2,6.2,43.1
16,17,2,14.2,47.1
16,18,2,11.6,45.8
16,18,2,7.5,43.75
16,18,2,8.6,44.3
16,18,2,7.4,43.7
16,19,2,6.5,43.25
16,19,2,6.3,43.15
16,19,2,7.1,43.55
16,19,2,6.8,43.4
16,19,2,6.4,43.2
16,20,2,8.4,44.2
16,20,2,9.7,44.85
16,20,2,9.9,44.95
16,20,2,7.9,43.95
16,20,2,7.1,43.55
16,21,2,6.8,43.4
16,21,2,4.4,42.2
16,21,2,8.0,44.0
16,21,2,8.5,44.25
16,21,2,9.7,44.85
16,22,2,9.3,44.65
16,22,2,10.1,45.05
16,22,2,11.9,45.95
16,22,2,18.2,49.1
16,22,2,11.3,45.65
16,23,2,12.9,46.45
16,23,2,21.8,50.9
16,23,2,24.8,52.4
16,23,2,11.8,45.9
16,23,2,10.4,45.2
16,24,2,8.3,44.15
16,24,2,8.1,44.05
16,24,2,10.5,45.25
16,24,2,6.8,43.4
16,25,2,6.2,43.1
16,25,2,8.4,44.2
16,25,2,6.7,43.35
16,25,2,8.5,44.25
16,25,2,8.1,44.05
16,26,2,6.5,43.25
16,26,2,5.5,42.75
16,26,2,8.2,44.1
16,26,2,4.3,42.15
16,26,2,5.9,42.95
16,27,2,3.8,41.9
8,33,3,4.8,42.4
8,33,3,10.2,45.1
8,34,3,7.0,43.5
8,34,3,6.1,43.05
8,34,3,12.1,46.05
8,34,3,5.0,42.5
8,34,3,9.8,44.9
8,35,3,15.3,47.65
8,35,3,8.6,44.3
8,35,3,8.8,44.4
8,35,3,6.3,43.15
8,36,3,6.8,43.4
8,36,3,5.2,42.6
8,36,3,12.0,46.0
8,36,3,9.2,44.6
8,36,3,9.0,44.5
8,37,3,8.6,44.3
8,37,3,20.5,50.25
8,37,3,5.2,42.6
8,37,3,5.9,42.95
8,38,3,7.6,43.8
8,38,3,8.3,44.15
8,38,3,11.6,45.8
8,38,3,8.7,44.35
8,38,3,10.3,45.15
8,39,3,7.5,43.75
8,39,3,7.7,43.85
8,39,3,7.8,43.9
8,39,3,6.2,43.1
8,40,3,11.7,45.85
8,40,3,11.4,45.7
8,40,3,11.6,45.8
8,40,3,7.9,43.95
8,40,3,9.1,44.55
8,41,3,10.4,45.2
8,41,3,15.9,47.95
8,41,3,6.0,43.0
8,41,3,7.7,43.85
8,42,3,30.3,55.15
8,42,3,10.1,45.05
8,42,3,6.1,43.05
8,43,3,35.9,57.95
8,43,3,6.0,43.0
8,43,3,2.3,41.15
8,43,3,3.0,41.5
8,43,3,34.0,57.0
8,44,3,9.9,44.95
9,18,3,4.2,42.1
9,18,3,11.3,45.65
9,18,3,8.8,44.4
9,43,3,6.9,43.45
9,43,3,7.5,43.75
9,43,3,14.4,47.2
9,43,3,15.1,47.55
9,44,3,26.3,53.15
9,44,3,14.7,47.35
9,44,3,24.1,52.05
9,44,3,21.6,50.8
9,45,3,25.5,52.75
9,45,3,8.2,44.1
9,45,3,13.6,46.8
9,45,3,7.7,43.85
9,45,3,9.6,44.8
9,46,3,10.4,45.2
9,46,3,15.9,47.95
9,46,3,19.1,49.55
9,46,3,8.3,44.15
9,47,3,23.2,51.6
9,47,3,20.8,50.4
9,47,3,16.8,48.4
9,47,3,21.3,50.65
9,47,3,22.1,51.05
9,48,3,20.3,50.15
9,48,3,17.1,48.55
9,48,3,15.8,47.9
9,48,3,22.0,51.0
9,49,3,26.6,53.3
9,49,3,8.3,44.15
9,49,3,18.4,49.2
9,49,3,17.7,48.85
9,49,3,13.6,46.8
9,50,3,9.6,44.8
9,50,3,6.5,43.25
9,50,3,8.3,44.15
9,50,3,6.8,43.4
9,51,3,10.4,45.2
9,51,3,9.0,44.5
9,51,3,28.2,54.1
9,51,3,40.9,60.45
9,51,3,9.2,44.6
9,52,3,11.5,45.75
9,52,3,4.8,42.4
9,52,3,6.0,43.0
9,52,3,12.6,46.3
9,52,3,6.6,43.3
9,53,3,6.2,43.1
9,53,3,7.3,43.65
9,53,3,6.4,43.2
9,53,3,15.7,47.85
9,53,3,6.9,43.45
9,54,3,6.9,43.45
9,54,3,11.9,45.95
9,54,3,13.3,46.65
9,54,3,5.8,42.9
9,55,3,5.8,42.9
9,55,3,11.6,45.8
9,55,3,23.2,51.6
9,55,3,9.6,44.8
9,55,3,11.0,45.5
9,56,3,8.4,44.2
9,56,3,11.0,45.5
9,56,3,17.1,48.55
9,56,3,17.1,48.55
9,57,3,9.8,44.9
9,57,3,11.0,45.5
9,57,3,11.6,45.8
9,57,3,10.1,45.05
9,57,3,7.9,43.95
9,58,3,4.5,42.25
9,58,3,5.3,42.65
9,58,3,7.9,43.95
9,58,3,6.6,43.3
9,58,3,7.3,43.65
10,1,3,42.1,61.05
10,1,3,2.6,41.3
10,1,3,2.7,41.35
10,1,3,2.6,41.3
10,1,3,6.2,43.1
10,2,3,3.1,41.55
10,2,3,2.4,41.2
10,2,3,2.1,41.05
10,2,3,3.8,41.9
10,8,3,13.2,46.6
10,8,3,8.9,44.45
10,8,3,10.6,45.3
10,9,3,6.6,43.3
10,9,3,19.9,49.95
10,9,3,13.8,46.9
10,9,3,5.6,42.8
10,9,3,10.5,45.25
10,10,3,7.5,43.75
10,10,3,17.3,48.65
10,10,3,8.7,44.35
10,11,3,7.5,43.75
10,12,3,5.6,42.8
10,12,3,7.0,43.5
10,12,3,12.5,46.25
10,12,3,9.4,44.7
10,12,3,8.4,44.2
10,13,3,52.9,66.45
10,13,3,20.8,50.4
10,13,3,11.5,45.75
10,13,3,8.8,44.4
10,13,3,7.6,43.8
10,14,3,7.5,43.75
10,14,3,17.6,48.8
10,14,3,12.7,46.35
10,14,3,12.8,46.4
10,15,3,18.7,49.35
10,15,3,19.3,49.65
10,15,3,13.8,46.9
10,15,3,10.8,45.4
10,15,3,6.5,43.25
10,16,3,7.9,43.95
10,16,3,9.9,44.95
10,16,3,15.3,47.65
10,16,3,17.1,48.55
10,16,3,10.3,45.15
10,17,3,7.3,43.65
10,17,3,12.6,46.3
10,17,3,9.9,44.95
10,17,3,8.6,44.3
10,17,3,11.0,45.5
10,18,3,8.7,44.35
10,18,3,18.3,49.15
10,18,3,15.2,47.6
10,18,3,17.8,48.9
10,18,3,12.1,46.05
10,19,3,10.3,45.15
10,19,3,8.6,44.3
10,19,3,5.8,42.9
10,19,3,8.3,44.15
10,19,3,5.5,42.75
10,20,3,10.9,45.45
10,20,3,7.0,43.5
10,20,3,8.2,44.1
10,20,3,8.8,44.4
10,20,3,5.4,42.7
10,21,3,7.7,43.85
10,21,3,3.9,41.95
10,21,3,5.3,42.65
10,21,3,6.8,43.4
10,21,3,17.6,48.8
10,22,3,6.1,43.05
10,22,3,10.1,45.05
10,22,3,4.8,42.4
10,22,3,3.5,41.75
10,22,3,5.2,42.6
10,23,3,7.4,43.7
10,23,3,2.8,41.4
10,23,3,5.7,42.85
10,23,3,5.7,42.85
10,23,3,6.7,43.35
10,24,3,5.3,42.65
10,24,3,4.8,42.4
10,24,3,7.7,43.85
10,24,3,6.1,43.05
10,24,3,2.9,41.45
10,25,3,5.6,42.8
10,25,3,6.9,43.45
10,25,3,4.3,42.15
10,25,3,7.2,43.6
10,25,3,7.8,43.9
10,26,3,4.6,42.3
10,26,3,4.7,42.35
10,26,3,7.5,43.75
10,26,3,8.9,44.45
10,26,3,5.6,42.8
10,27,3,6.0,43.0
10,27,3,2.8,41.4
10,27,3,5.7,42.85
10,27,3,8.6,44.3
10,27,3,3.9,41.95
10,28,3,6.5,43.25
10,28,3,7.6,43.8
10,28,3,3.8,41.9
10,28,3,9.4,44.7
10,28,3,5.9,42.95
10,29,3,5.0,42.5
10,29,3,3.9,41.95
10,29,3,7.2,43.6
10,29,3,3.1,41.55
10,29,3,3.9,41.95
10,29,3,2.4,41.2
10,30,3,7.3,43.65
10,30,3,5.6,42.8
10,30,3,4.3,42.15
10,30,3,7.4,43.7
10,30,3,7.8,43.9
10,31,3,3.6,41.8
10,31,3,5.2,42.6
10,31,3,7.6,43.8
10,31,3,5.1,42.55
10,31,3,3.8,41.9
10,32,3,3.3,41.65
10,32,3,7.0,43.5
10,32,3,6.3,43.15
10,32,3,3.8,41.9
10,32,3,63.4,71.7
10,33,3,6.6,43.3
10,33,3,6.0,43.0
10,33,3,4.5,42.25
10,33,3,5.5,42.75
10,33,3,5.9,42.95
10,34,3,6.1,43.05
10,34,3,10.4,45.2
10,34,3,8.5,44.25
10,34,3,5.8,42.9
10,34,3,5.5,42.75
10,35,3,2.9,41.45
10,35,3,5.3,42.65
10,35,3,4.9,42.45
10,35,3,6.0,43.0
10,35,3,3.5,41.75
10,36,3,9.5,44.75
10,36,3,4.7,42.35
10,36,3,4.9,42.45
10,36,3,6.1,43.05
10,36,3,7.7,43.85
10,37,3,12.2,46.1
10,37,3,8.7,44.35
10,37,3,6.4,43.2
10,37,3,5.1,42.55
10,37,3,8.8,44.4
10,37,3,9.7,44.85
10,38,3,17.2,48.6
10,38,3,79.8,79.9
10,38,3,33.4,56.7
10,38,3,7.6,43.8
10,39,3,38.4,59.2
10,39,3,10.2,45.1
10,39,3,8.8,44.4
10,39,3,4.2,42.1
10,40,3,8.2,44.1
10,40,3,8.4,44.2
10,40,3,6.5,43.25
10,40,3,7.8,43.9
10,40,3,5.7,42.85
10,41,3,6.3,43.15
10,41,3,7.9,43.95
10,41,3,4.9,42.45
10,41,3,6.9,43.45
10,41,3,9.4,44.7
10,41,3,12.8,46.4
10,42,3,8.9,44.45
10,42,3,7.9,43.95
10,42,3,15.4,47.7
10,42,3,6.4,43.2
10,42,3,7.8,43.9
10,43,3,5.1,42.55
10,43,3,7.7,43.85
10,43,3,11.6,45.8
10,43,3,8.0,44.0
10,43,3,10.4,45.2
10,44,3,9.4,44.7
10,44,3,13.6,46.8
10,44,3,14.9,47.45
10,44,3,46.8,63.4
10,44,3,31.6,55.8
10,45,3,32.1,56.05
10,45,3,29.2,54.6
10,45,3,25.8,52.9
10,45,3,42.2,61.1
10,45,3,25.1,52.55
10,46,3,17.9,48.95
10,46,3,33.9,56.95
10,46,3,13.9,46.95
10,46,3,23.2,51.6
10,46,3,30.2,55.1
10,47,3,33.3,56.65
10,47,3,11.9,45.95
10,47,3,6.8,43.4
10,47,3,11.9,45.95
10,47,3,8.3,44.15
10,48,3,4.7,42.35
10,48,3,4.9,42.45
10,48,3,14.4,47.2
10,48,3,9.7,44.85
10,48,3,5.6,42.8
10,49,3,10.1,45.05
10,49,3,8.8,44.4
10,49,3,8.1,44.05
10,49,3,6.6,43.3
10,49,3,8.7,44.35
10,50,3,7.6,43.8
10,50,3,11.9,45.95
10,50,3,10.4,45.2
10,50,3,10.7,45.35
10,50,3,8.0,44.0
10,51,3,8.7,44.35
10,51,3,6.9,43.45
10,51,3,8.9,44.45
10,51,3,12.0,46.0
10,51,3,12.9,46.45
10,52,3,7.4,43.7
10,52,3,17.5,48.75
10,52,3,15.8,47.9
10,52,3,5.8,42.9
10,52,3,13.7,46.85
10,53,3,9.0,44.5
10,53,3,10.4,45.2
10,53,3,14.6,47.3
10,53,3,9.6,44.8
10,53,3,14.5,47.25
10,54,3,7.0,43.5
10,54,3,10.1,45.05
10,54,3,12.1,46.05
10,54,3,9.7,44.85
10,54,3,10.2,45.1
10,55,3,7.2,43.6
10,55,3,13.6,46.8
10,55,3,9.2,44.6
10,55,3,12.7,46.35
10,56,3,16.3,48.15
10,56,3,8.0,44.0
10,56,3,18.3,49.15
10,56,3,13.9,46.95
10,56,3,17.4,48.7
10,57,3,18.5,49.25
10,57,3,20.2,50.1
10,57,3,21.1,50.55
10,58,3,9.9,44.95
10,58,3,9.4,44.7
11,2,3,10.3,45.15
11,2,3,6.9,43.45
11,3,3,39.9,59.95
11,3,3,40.8,60.4
11,3,3,11.8,45.9
11,3,3,7.7,43.85
11,4,3,13.9,46.95
11,4,3,12.6,46.3
11,4,3,19.1,49.55
11,4,3,12.9,46.45
11,4,3,7.0,43.5
11,5,3,6.8,43.4
11,5,3,7.3,43.65
11,5,3,11.7,45.85
11,5,3,9.4,44.7
11,5,3,10.7,45.35
11,6,3,16.4,48.2
11,6,3,20.0,50.0
11,6,3,20.0,50.0
11,6,3,24.1,52.05
11,7,3,17.6,48.8
11,7,3,10.6,45.3
11,7,3,10.6,45.3
11,8,3,5.8,42.9
11,8,3,6.1,43.05
11,8,3,9.3,44.65
11,8,3,18.4,49.2
11,9,3,16.6,48.3
11,9,3,15.0,47.5
11,9,3,21.1,50.55
11,9,3,16.0,48.0
11,9,3,9.0,44.5
11,10,3,12.1,46.05
11,10,3,15.9,47.95
11,10,3,20.1,50.05
11,10,3,20.0,50.0
11,10,3,21.8,50.9
11,11,3,18.3,49.15
11,11,3,21.7,50.85
11,11,3,20.9,50.45
11,12,3,6.5,43.25
11,12,3,9.0,44.5
11,13,3,3.7,41.85
11,13,3,6.7,43.35
11,13,3,5.9,42.95
11,13,3,4.5,42.25
11,13,3,5.3,42.65
11,14,3,4.6,42.3
11,14,3,4.8,42.4
11,14,3,7.0,43.5
11,14,3,7.1,43.55
11,14,3,5.2,42.6
11,15,3,9.8,44.9
11,15,3,6.8,43.4
11,15,3,8.2,44.1
11,15,3,9.2,44.6
11,15,3,9.2,44.6
11,16,3,7.5,43.75
11,16,3,4.7,42.35
11,16,3,6.6,43.3
11,16,3,5.4,42.7
11,16,3,6.3,43.15
11,17,3,8.9,44.45
11,17,3,5.6,42.8
11,17,3,3.2,41.6
11,17,3,4.3,42.15
11,17,3,8.7,44.35
11,18,3,4.3,42.15
11,18,3,6.5,43.25
11,18,3,3.3,41.65
11,18,3,9.5,44.75
11,18,3,6.6,43.3
11,19,3,5.1,42.55
11,19,3,4.1,42.05
11,19,3,4.8,42.4
11,19,3,4.6,42.3
11,19,3,4.4,42.2
11,20,3,7.3,43.65
11,20,3,4.7,42.35
11,20,3,100.0,90.0
11,20,3,9.2,44.6
11,21,3,8.0,44.0
11,21,3,7.6,43.8
11,21,3,17.7,48.85
11,21,3,16.8,48.4
11,22,3,16.4,48.2
11,22,3,15.8,47.9
11,22,3,10.2,45.1
11,22,3,8.0,44.0
11,22,3,6.3,43.15
11,23,3,13.4,46.7
11,23,3,8.6,44.3
11,23,3,10.0,45.0
11,23,3,10.5,45.25
11,24,3,18.4,49.2
11,24,3,11.3,45.65
11,24,3,10.4,45.2
11,24,3,12.7,46.35
11,25,3,10.6,45.3
11,25,3,10.6,45.3
11,25,3,6.5,43.25
11,25,3,8.5,44.25
11,25,3,12.8,46.4
11,26,3,10.1,45.05
11,26,3,11.2,45.6
11,26,3,4.7,42.35
11,26,3,9.2,44.6
11,27,3,4.4,42.2
11,27,3,7.9,43.95
11,27,3,8.5,44.25
11,27,3,6.3,43.15
11,27,3,5.5,42.75
11,28,3,3.4,41.7
11,28,3,8.6,44.3
11,28,3,6.4,43.2
11,28,3,6.2,43.1
11,29,3,4.3,42.15
11,29,3,5.0,42.5
11,29,3,3.9,41.95
11,29,3,7.2,43.6
11,29,3,7.3,43.65
11,30,3,5.6,42.8
11,30,3,11.8,45.9
11,30,3,5.3,42.65
11,30,3,7.1,43.55
11,31,3,7.0,43.5
11,31,3,6.7,43.35
11,31,3,9.8,44.9
11,31,3,8.2,44.1
11,31,3,7.5,43.75
11,32,3,7.8,43.9
11,32,3,12.4,46.2
11,32,3,12.5,46.25
11,32,3,8.5,44.25
11,33,3,12.4,46.2
11,33,3,3.5,41.75
11,33,3,6.0,43.0
11,33,3,6.4,43.2
11,34,3,7.3,43.65
11,34,3,13.8,46.9
11,34,3,4.2,42.1
11,34,3,5.0,42.5
11,34,3,9.3,44.65
11,35,3,7.1,43.55
11,35,3,7.9,43.95
11,35,3,7.0,43.5
11,35,3,5.3,42.65
11,36,3,9.4,44.7
11,36,3,22.0,51.0
11,36,3,11.2,45.6
11,36,3,9.5,44.75
11,36,3,9.3,44.65
11,37,3,12.5,46.25
11,37,3,6.7,43.35
11,37,3,13.0,46.5
11,37,3,8.0,44.0
11,38,3,9.0,44.5
11,38,3,8.9,44.45
11,38,3,7.2,43.6
11,38,3,4.7,42.35
11,39,3,7.0,43.5
11,39,3,15.5,47.75
11,39,3,5.7,42.85
11,39,3,16.5,48.25
11,39,3,13.6,46.8
11,40,3,13.1,46.55
11,40,3,5.1,42.55
11,40,3,5.7,42.85
11,40,3,18.7,49.35
11,41,3,8.9,44.45
11,41,3,16.3,48.15
11,41,3,17.0,48.5
11,41,3,9.3,44.65
11,42,3,5.5,42.75
11,42,3,3.6,41.8
11,42,3,8.2,44.1
11,42,3,9.9,44.95
11,42,3,8.0,44.0
11,43,3,6.1,43.05
11,43,3,4.5,42.25
11,43,3,6.8,43.4
11,43,3,7.5,43.75
11,44,3,10.0,45.0
11,44,3,10.6,45.3
11,44,3,6.6,43.3
11,44,3,6.7,43.35
11,44,3,9.8,44.9
11,45,3,12.8,46.4
11,45,3,3.9,41.95
11,45,3,7.7,43.85
11,45,3,6.1,43.05
11,46,3,7.3,43.65
11,46,3,6.4,43.2
11,46,3,17.3,48.65
11,46,3,5.8,42.9
11,47,3,4.9,42.45
11,47,3,5.3,42.65
11,47,3,10.2,45.1
11,47,3,6.0,43.0
11,47,3,11.6,45.8
11,48,3,7.6,43.8
11,48,3,5.2,42.6
11,48,3,5.8,42.9
11,48,3,7.6,43.8
11,49,3,10.5,45.25
11,49,3,5.8,42.9
11,49,3,3.2,41.6
11,49,3,9.0,44.5
11,49,3,4.6,42.3
11,50,3,5.9,42.95
11,50,3,6.9,43.45
11,50,3,8.7,44.35
11,50,3,4.6,42.3
11,51,3,5.5,42.75
11,51,3,4.3,42.15
11,51,3,4.2,42.1
11,51,3,3.6,41.8
11,51,3,3.9,41.95
11,52,3,4.4,42.2
11,52,3,7.9,43.95
11,52,3,9.1,44.55
11,52,3,11.1,45.55
11,52,3,8.6,44.3
11,53,3,9.0,44.5
11,53,3,10.2,45.1
11,53,3,10.5,45.25
11,53,3,4.3,42.15
11,53,3,5.8,42.9
11,54,3,4.2,42.1
11,54,3,6.1,43.05
11,54,3,7.5,43.75
11,54,3,4.6,42.3
11,54,3,4.7,42.35
11,55,3,7.6,43.8
11,55,3,5.4,42.7
11,55,3,4.5,42.25
11,55,3,22.9,51.45
11,55,3,17.1,48.55
11,56,3,14.6,47.3
11,56,3,16.4,48.2
11,56,3,12.8,46.4
11,56,3,5.6,42.8
11,56,3,5.8,42.9
11,57,3,6.4,43.2
11,57,3,7.6,43.8
11,57,3,10.1,45.05
11,57,3,29.4,54.7
11,57,3,8.7,44.35
11,58,3,5.7,42.85
11,58,3,10.1,45.05
11,58,3,15.3,47.65
11,58,3,12.8,46.4
11,58,3,6.2,43.1
11,59,3,12.0,46.0
11,59,3,7.2,43.6
11,59,3,15.3,47.65
11,59,3,10.5,45.25
11,59,3,10.3,45.15
12,0,3,10.3,45.15
12,0,3,6.8,43.4
12,0,3,14.8,47.4
12,0,3,11.5,45.75
12,0,3,8.7,44.35
12,1,3,14.2,47.1
12,1,3,15.5,47.75
12,1,3,23.3,51.65
12,1,3,35.6,57.8
12,2,3,11.4,45.7
12,2,3,13.0,46.5
12,2,3,8.2,44.1
12,2,3,6.0,43.0
12,2,3,13.8,46.9
12,3,3,7.4,43.7
12,3,3,7.5,43.75
12,3,3,9.5,44.75
12,3,3,6.3,43.15
12,3,3,2.8,41.4
12,4,3,2.2,41.1
12,4,3,4.0,42.0
12,4,3,4.5,42.25
12,4,3,4.0,42.0
12,4,3,7.3,43.65
12,5,3,4.8,42.4
12,5,3,5.9,42.95
12,5,3,3.9,41.95
12,5,3,4.8,42.4
12,5,3,5.5,42.75
12,6,3,5.7,42.85
12,6,3,7.4,43.7
12,6,3,7.1,43.55
12,6,3,7.1,43.55
12,6,3,6.3,43.15
12,7,3,8.1,44.05
12,7,3,6.0,43.0
12,7,3,9.4,44.7
12,7,3,5.2,42.6
12,7,3,3.2,41.6
12,8,3,12.3,46.15
12,8,3,7.1,43.55
12,8,3,5.6,42.8
12,8,3,7.7,43.85
12,8,3,6.9,43.45
12,9,3,7.0,43.5
12,9,3,8.1,44.05
12,9,3,6.6,43.3
12,9,3,6.7,43.35
12,9,3,5.8,42.9
12,10,3,6.1,43.05
12,10,3,5.0,42.5
12,10,3,3.1,41.55
12,10,3,7.7,43.85
12,10,3,4.1,42.05
12,11,3,6.6,43.3
12,11,3,5.8,42.9
12,11,3,6.3,43.15
12,11,3,6.2,43.1
12,11,3,3.5,41.75
12,12,3,6.4,43.2
12,12,3,3.6,41.8
12,12,3,10.7,45.35
12,12,3,6.4,43.2
12,12,3,3.7,41.85
12,13,3,6.6,43.3
12,13,3,10.7,45.35
12,13,3,6.1,43.05
12,13,3,3.9,41.95
12,13,3,9.1,44.55
12,14,3,4.4,42.2
12,14,3,7.3,43.65
12,14,3,8.4,44.2
12,14,3,9.4,44.7
12,14,3,4.2,42.1
12,15,3,6.2,43.1
12,15,3,4.7,42.35
12,15,3,7.1,43.55
12,15,3,6.8,43.4
12,15,3,4.0,42.0
12,16,3,3.4,41.7
12,16,3,5.4,42.7
12,16,3,5.0,42.5
12,16,3,8.6,44.3
12,16,3,4.7,42.35
12,17,3,4.9,42.45
12,17,3,5.1,42.55
12,17,3,6.3,43.15
12,17,3,4.1,42.05
12,17,3,6.0,43.0
12,18,3,11.3,45.65
12,18,3,11.9,45.95
12,18,3,9.7,44.85
12,18,3,7.4,43.7
12,18,3,6.6,43.3
12,19,3,9.6,44.8
12,19,3,4.8,42.4
12,19,3,5.0,42.5
12,19,3,9.9,44.95
12,19,3,6.3,43.15
12,20,3,5.5,42.75
12,20,3,7.4,43.7
12,20,3,5.5,42.75
12,20,3,7.4,43.7
12,20,3,8.0,44.0
12,21,3,5.5,42.75
12,21,3,8.3,44.15
12,21,3,7.0,43.5
12,21,3,4.6,42.3
12,21,3,10.5,45.25
12,22,3,3.4,41.7
12,22,3,4.2,42.1
12,22,3,6.2,43.1
12,22,3,8.0,44.0
12,22,3,4.9,42.45
12,23,3,4.7,42.35
12,23,3,21.1,50.55
12,23,3,4.8,42.4
12,23,3,7.5,43.75
12,23,3,4.0,42.0
12,24,3,3.8,41.9
12,24,3,7.1,43.55
12,24,3,7.9,43.95
12,24,3,100.0,90.0
12,25,3,76.9,78.45
12,25,3,4.1,42.05
12,25,3,4.3,42.15
12,26,3,6.4,43.2
12,26,3,4.9,42.45
12,26,3,5.1,42.55
12,26,3,5.2,42.6
12,26,3,8.1,44.05
12,27,3,6.7,43.35
12,27,3,5.7,42.85
12,27,3,4.8,42.4
12,27,3,3.2,41.6
12,27,3,6.7,43.35
12,28,3,10.1,45.05
12,28,3,6.4,43.2
12,28,3,9.4,44.7
12,28,3,3.0,41.5
12,28,3,5.1,42.55
12,29,3,5.5,42.75
12,29,3,3.3,41.65
12,29,3,4.2,42.1
12,29,3,6.5,43.25
12,29,3,3.6,41.8
12,30,3,3.2,41.6
12,30,3,4.6,42.3
12,30,3,4.9,42.45
12,30,3,3.1,41.55
12,30,3,6.2,43.1
12,31,3,5.5,42.75
12,31,3,3.3,41.65
12,31,3,9.6,44.8
12,31,3,3.8,41.9
12,31,3,4.9,42.45
12,32,3,6.3,43.15
12,32,3,3.2,41.6
12,32,3,5.0,42.5
12,32,3,5.3,42.65
12,32,3,3.9,41.95
12,33,3,6.5,43.25
12,33,3,6.0,43.0
12,33,3,3.7,41.85
12,33,3,3.5,41.75
12,33,3,6.2,43.1
12,34,3,6.8,43.4
12,34,3,2.8,41.4
12,34,3,7.3,43.65
12,34,3,3.4,41.7
12,34,3,4.8,42.4
12,35,3,5.1,42.55
12,35,3,2.9,41.45
12,35,3,4.9,42.45
12,35,3,6.2,43.1
12,35,3,7.8,43.9
12,36,3,4.5,42.25
12,36,3,7.4,43.7
12,36,3,5.0,42.5
12,36,3,5.0,42.5
12,36,3,11.0,45.5
12,37,3,3.7,41.85
12,37,3,4.9,42.45
12,37,3,7.4,43.7
12,37,3,11.1,45.55
12,37,3,5.8,42.9
12,38,3,8.1,44.05
12,38,3,6.7,43.35
12,38,3,6.2,43.1
12,38,3,6.7,43.35
12,38,3,4.6,42.3
12,39,3,4.7,42.35
12,39,3,6.2,43.1
12,39,3,4.0,42.0
12,39,3,5.9,42.95
12,39,3,6.5,43.25
12,40,3,6.4,43.2
12,40,3,3.6,41.8
12,40,3,10.1,45.05
12,40,3,7.5,43.75
12,40,3,3.7,41.85
12,41,3,7.1,43.55
12,41,3,5.7,42.85
12,41,3,6.9,43.45
12,41,3,8.1,44.05
12,41,3,5.0,42.5
12,42,3,6.2,43.1
12,42,3,6.7,43.35
12,42,3,3.5,41.75
12,42,3,4.1,42.05
12,42,3,6.2,43.1
12,43,3,4.6,42.3
12,43,3,4.6,42.3
12,43,3,2.6,41.3
12,43,3,4.7,42.35
12,43,3,7.8,43.9
12,44,3,6.0,43.0
12,44,3,7.3,43.65
12,44,3,3.9,41.95
12,44,3,4.1,42.05
12,44,3,4.4,42.2
12,45,3,5.7,42.85
12,45,3,5.4,42.7
12,45,3,6.4,43.2
12,45,3,3.8,41.9
12,45,3,8.9,44.45
12,46,3,3.3,41.65
12,46,3,5.2,42.6
12,46,3,7.4,43.7
12,46,3,7.8,43.9
12,46,3,8.5,44.25
12,47,3,8.4,44.2
12,47,3,9.1,44.55
12,47,3,3.2,41.6
12,47,3,10.2,45.1
12,47,3,9.1,44.55
12,48,3,4.6,42.3
12,48,3,7.2,43.6
12,48,3,3.6,41.8
12,48,3,3.2,41.6
12,48,3,9.9,44.95
12,49,3,6.6,43.3
12,49,3,4.4,42.2
12,49,3,6.8,43.4
12,49,3,4.6,42.3
12,49,3,4.9,42.45
12,50,3,8.0,44.0
12,50,3,6.4,43.2
12,50,3,4.9,42.45
12,50,3,6.7,43.35
12,50,3,5.6,42.8
12,51,3,6.3,43.15
12,51,3,4.5,42.25
12,51,3,4.0,42.0
12,51,3,9.3,44.65
12,51,3,5.8,42.9
12,52,3,3.5,41.75
12,52,3,8.0,44.0
12,52,3,4.1,42.05
12,52,3,10.2,45.1
12,52,3,37.6,58.8
12,53,3,37.8,58.9
12,53,3,8.7,44.35
12,54,3,77.6,78.8
12,54,3,6.5,43.25
12,54,3,7.5,43.75
12,54,3,5.1,42.55
12,54,3,4.6,42.3
12,55,3,4.5,42.25
12,55,3,6.3,43.15
12,55,3,3.5,41.75
12,55,3,4.6,42.3
12,55,3,7.1,43.55
12,56,3,4.2,42.1
12,56,3,6.6,43.3
12,56,3,5.6,42.8
12,56,3,4.5,42.25
12,56,3,7.8,43.9
12,57,3,5.7,42.85
12,57,3,3.6,41.8
12,57,3,6.1,43.05
12,57,3,6.7,43.35
12,57,3,7.7,43.85
12,58,3,6.4,43.2
12,58,3,6.8,43.4
12,58,3,4.0,42.0
12,58,3,12.4,46.2
12,58,3,18.6,49.3
12,59,3,9.7,44.85
12,59,3,9.1,44.55
12,59,3,6.2,43.1
12,59,3,100.0,90.0
13,0,3,20.4,50.2
13,0,3,5.6,42.8
13,0,3,11.4,45.7
13,0,3,4.5,42.25
13,0,3,4.7,42.35
13,1,3,6.7,43.35
13,1,3,4.7,42.35
13,1,3,13.2,46.6
13,1,3,5.4,42.7
13,1,3,5.0,42.5
13,2,3,11.5,45.75
13,2,3,7.0,43.5
13,2,3,7.0,43.5
13,2,3,4.3,42.15
13,2,3,100.0,90.0
13,3,3,5.9,42.95
13,3,3,3.9,41.95
13,3,3,8.1,44.05
13,4,3,6.7,43.35
13,4,3,4.6,42.3
13,4,3,100.0,90.0
13,4,3,5.2,42.6
13,4,3,4.1,42.05
13,5,3,5.6,42.8
13,5,3,4.5,42.25
13,5,3,3.8,41.9
13,5,3,6.7,43.35
13,6,3,100.0,90.0
13,6,3,8.6,44.3
13,6,3,6.5,43.25
13,6,3,22.0,51.0
13,7,3,6.5,43.25
13,7,3,4.9,42.45
13,7,3,6.2,43.1
13,7,3,7.7,43.85
13,7,3,5.5,42.75
13,8,3,11.0,45.5
13,8,3,8.6,44.3
13,8,3,13.0,46.5
13,8,3,9.5,44.75
13,8,3,9.9,44.95
13,9,3,11.4,45.7
13,9,3,7.8,43.9
13,9,3,17.1,48.55
13,9,3,10.4,45.2
13,9,3,11.9,45.95
13,10,3,8.9,44.45
13,10,3,11.9,45.95
13,10,3,8.4,44.2
13,10,3,10.4,45.2
13,10,3,9.7,44.85
13,11,3,8.8,44.4
13,11,3,8.7,44.35
13,11,3,5.3,42.65
13,11,3,8.7,44.35
13,12,3,6.3,43.15
13,12,3,5.2,42.6
13,12,3,7.0,43.5
13,12,3,11.5,45.75
13,12,3,8.7,44.35
13,13,3,7.3,43.65
13,13,3,7.9,43.95
13,13,3,5.4,42.7
13,13,3,8.5,44.25
13,13,3,7.1,43.55
13,14,3,10.7,45.35
13,14,3,8.7,44.35
13,14,3,7.9,43.95
13,14,3,9.5,44.75
13,14,3,7.2,43.6
13,15,3,10.8,45.4
13,15,3,7.9,43.95
13,15,3,11.9,45.95
13,15,3,7.0,43.5
13,16,3,8.5,44.25
13,16,3,5.8,42.9
13,16,3,5.7,42.85
13,16,3,8.8,44.4
13,16,3,11.7,45.85
13,17,3,7.1,43.55
13,17,3,5.3,42.65
13,17,3,5.7,42.85
13,17,3,5.6,42.8
13,17,3,7.8,43.9
13,18,3,11.8,45.9
13,18,3,6.0,43.0
13,18,3,10.9,45.45
13,18,3,4.6,42.3
13,18,3,6.0,43.0
13,19,3,10.8,45.4
13,19,3,4.9,42.45
13,19,3,6.1,43.05
13,19,3,6.2,43.1
13,19,3,7.6,43.8
13,20,3,7.1,43.55
13,20,3,5.6,42.8
13,20,3,6.8,43.4
13,20,3,9.6,44.8
13,20,3,6.3,43.15
13,21,3,6.3,43.15
13,21,3,10.4,45.2
13,21,3,7.2,43.6
13,21,3,7.3,43.65
13,21,3,7.2,43.6
13,22,3,6.2,43.1
13,22,3,10.1,45.05
13,22,3,5.7,42.85
13,22,3,6.9,43.45
13,22,3,8.5,44.25
13,23,3,6.5,43.25
13,23,3,6.9,43.45
13,23,3,9.9,44.95
13,23,3,5.2,42.6
13,23,3,8.5,44.25
13,24,3,9.7,44.85
13,24,3,3.5,41.75
13,24,3,7.7,43.85
13,24,3,7.0,43.5
13,24,3,4.5,42.25
13,25,3,6.9,43.45
13,25,3,5.7,42.85
13,25,3,8.6,44.3
13,25,3,6.0,43.0
13,25,3,8.9,44.45
13,26,3,12.2,46.1
13,26,3,9.0,44.5
13,26,3,7.1,43.55
13,26,3,10.0,45.0
13,26,3,6.8,43.4
13,27,3,9.7,44.85
13,27,3,7.2,43.6
13,27,3,8.7,44.35
13,27,3,10.0,45.0
13,28,3,5.8,42.9
13,28,3,10.1,45.05
13,28,3,8.4,44.2
13,28,3,6.6,43.3
13,28,3,8.7,44.35
13,29,3,12.1,46.05
13,29,3,19.4,49.7
13,29,3,18.8,49.4
13,29,3,12.7,46.35
13,30,3,20.2,50.1
13,30,3,13.6,46.8
13,30,3,10.9,45.45
13,30,3,12.4,46.2
13,30,3,11.7,45.85
13,31,3,15.2,47.6
13,31,3,10.6,45.3
13,31,3,15.1,47.55
13,31,3,14.4,47.2
13,32,3,17.6,48.8
13,32,3,11.7,45.85
13,32,3,25.1,52.55
13,32,3,17.2,48.6
13,33,3,12.6,46.3
13,33,3,12.5,46.25
13,33,3,9.2,44.6
13,33,3,12.1,46.05
13,34,3,12.3,46.15
13,34,3,14.2,47.1
13,34,3,8.4,44.2
13,34,3,13.6,46.8
13,35,3,19.0,49.5
13,35,3,13.8,46.9
13,35,3,16.1,48.05
13,35,3,16.1,48.05
13,36,3,10.2,45.1
13,36,3,17.5,48.75
13,36,3,15.4,47.7
13,36,3,12.7,46.35
13,37,3,15.7,47.85
13,37,3,16.0,48.0
13,37,3,14.0,47.0
13,37,3,11.2,45.6
13,38,3,15.9,47.95
13,38,3,9.3,44.65
13,38,3,20.0,50.0
13,38,3,11.8,45.9
13,39,3,19.6,49.8
13,39,3,11.5,45.75
13,39,3,12.7,46.35
13,39,3,19.0,49.5
13,40,3,18.0,49.0
13,40,3,10.1,45.05
13,40,3,13.8,46.9
13,40,3,14.8,47.4
13,41,3,10.0,45.0
13,41,3,8.2,44.1
13,41,3,16.9,48.45
13,41,3,14.8,47.4
13,42,3,23.9,51.95
13,42,3,14.6,47.3
13,42,3,18.2,49.1
13,42,3,18.5,49.25
13,42,3,30.5,55.25
13,43,3,16.4,48.2
13,43,3,44.5,62.25
13,43,3,12.8,46.4
13,43,3,18.8,49.4
13,44,3,13.1,46.55
13,44,3,17.8,48.9
13,44,3,8.1,44.05
13,44,3,15.1,47.55
13,45,3,16.4,48.2
13,45,3,16.8,48.4
13,45,3,29.6,54.8
13,45,3,11.7,45.85
13,46,3,17.7,48.85
13,46,3,16.7,48.35
13,46,3,15.5,47.75
13,46,3,12.7,46.35
13,47,3,13.8,46.9
13,47,3,14.2,47.1
13,47,3,12.7,46.35
13,47,3,12.2,46.1
13,48,3,17.0,48.5
13,48,3,17.5,48.75
13,48,3,12.8,46.4
13,48,3,17.1,48.55
13,49,3,15.6,47.8
13,49,3,7.7,43.85
13,49,3,12.1,46.05
13,49,3,12.8,46.4
13,50,3,14.0,47.0
13,50,3,19.0,49.5
13,50,3,16.3,48.15
13,50,3,11.8,45.9
13,50,3,15.7,47.85
13,51,3,15.9,47.95
13,51,3,9.0,44.5
13,51,3,7.0,43.5
13,51,3,13.3,46.65
13,52,3,14.5,47.25
13,52,3,14.4,47.2
13,52,3,12.9,46.45
13,52,3,10.3,45.15
13,53,3,12.5,46.25
13,53,3,15.6,47.8
13,53,3,11.3,45.65
13,53,3,9.3,44.65
13,54,3,10.2,45.1
13,54,3,16.3,48.15
13,54,3,19.9,49.95
13,54,3,10.2,45.1
13,55,3,11.1,45.55
13,55,3,13.3,46.65
13,55,3,10.9,45.45
13,55,3,20.7,50.35
13,55,3,10.9,45.45
13,56,3,18.0,49.0
13,56,3,12.0,46.0
13,56,3,12.4,46.2
13,56,3,19.2,49.6
13,57,3,8.9,44.45
13,57,3,13.6,46.8
13,57,3,10.6,45.3
13,57,3,11.2,45.6
13,58,3,16.4,48.2
13,58,3,14.6,47.3
13,58,3,15.0,47.5
13,58,3,9.9,44.95
13,59,3,12.7,46.35
13,59,3,12.7,46.35
13,59,3,6.9,43.45
13,59,3,12.7,46.35
14,0,3,10.4,45.2
14,0,3,15.0,47.5
14,0,3,19.3,49.65
14,0,3,12.4,46.2
14,1,3,9.9,44.95
14,1,3,10.9,45.45
14,1,3,17.9,48.95
14,1,3,19.7,49.85
14,1,3,13.2,46.6
14,2,3,20.3,50.15
14,2,3,9.6,44.8
14,2,3,5.7,42.85
14,2,3,10.7,45.35
14,3,3,8.7,44.35
14,3,3,7.9,43.95
14,3,3,11.8,45.9
14,3,3,10.1,45.05
14,3,3,12.1,46.05
14,4,3,8.5,44.25
14,4,3,13.0,46.5
14,4,3,7.8,43.9
14,4,3,10.2,45.1
14,5,3,6.7,43.35
14,5,3,9.0,44.5
14,5,3,13.6,46.8
14,5,3,11.1,45.55
14,5,3,8.0,44.0
14,6,3,13.0,46.5
14,6,3,10.2,45.1
14,6,3,5.5,42.75
14,6,3,6.8,43.4
14,7,3,11.4,45.7
14,7,3,9.4,44.7
14,7,3,7.2,43.6
14,7,3,7.5,43.75
14,7,3,8.4,44.2
14,8,3,18.9,49.45
14,8,3,8.4,44.2
14,8,3,10.3,45.15
14,8,3,9.2,44.6
14,9,3,6.8,43.4
14,9,3,7.2,43.6
14,9,3,9.4,44.7
14,9,3,5.5,42.75
14,9,3,10.9,45.45
14,10,3,8.4,44.2
14,10,3,12.8,46.4
14,10,3,7.8,43.9
14,10,3,13.8,46.9
14,11,3,13.4,46.7
14,11,3,8.1,44.05
14,11,3,11.3,45.65
14,11,3,5.8,42.9
14,12,3,9.6,44.8
14,12,3,8.3,44.15
14,12,3,6.4,43.2
14,12,3,7.7,43.85
14,12,3,8.4,44.2
14,13,3,6.1,43.05
14,13,3,4.8,42.4
14,13,3,8.1,44.05
14,13,3,5.6,42.8
14,13,3,5.3,42.65
14,14,3,8.9,44.45
14,14,3,7.3,43.65
14,14,3,7.2,43.6
14,14,3,8.3,44.15
14,14,3,4.9,42.45
14,15,3,5.8,42.9
14,15,3,9.8,44.9
14,15,3,7.0,43.5
14,15,3,7.8,43.9
14,15,3,5.9,42.95
14,16,3,7.0,43.5
14,16,3,5.8,42.9
14,16,3,6.8,43.4
14,16,3,7.0,43.5
14,16,3,10.0,45.0
14,17,3,9.4,44.7
14,17,3,6.6,43.3
14,17,3,15.4,47.7
14,17,3,7.4,43.7
14,17,3,6.0,43.0
14,18,3,7.0,43.5
14,18,3,6.7,43.35
14,18,3,6.6,43.3
14,18,3,8.8,44.4
14,18,3,4.7,42.35
14,19,3,7.2,43.6
14,19,3,5.7,42.85
14,19,3,8.1,44.05
14,19,3,6.5,43.25
14,19,3,7.8,43.9
14,20,3,8.2,44.1
14,20,3,5.9,42.95
14,20,3,9.6,44.8
14,20,3,8.3,44.15
14,20,3,4.6,42.3
14,21,3,8.6,44.3
14,21,3,7.8,43.9
14,21,3,8.0,44.0
14,21,3,9.6,44.8
14,21,3,10.4,45.2
14,22,3,6.1,43.05
14,22,3,19.2,49.6
14,22,3,12.0,46.0
14,22,3,3.7,41.85
14,22,3,10.2,45.1
14,23,3,16.5,48.25
14,23,3,9.6,44.8
14,23,3,7.2,43.6
14,23,3,6.2,43.1
14,24,3,18.8,49.4
14,24,3,7.5,43.75
14,24,3,4.9,42.45
14,24,3,7.8,43.9
14,25,3,14.4,47.2
14,25,3,10.2,45.1
14,25,3,10.4,45.2
14,25,3,10.9,45.45
14,26,3,11.6,45.8
14,26,3,19.3,49.65
14,26,3,19.6,49.8
14,26,3,9.4,44.7
14,26,3,14.1,47.05
14,27,3,17.0,48.5
14,27,3,17.8,48.9
14,27,3,15.3,47.65
14,27,3,18.4,49.2
14,28,3,11.9,45.95
14,28,3,10.4,45.2
14,28,3,9.3,44.65
14,28,3,10.6,45.3
14,29,3,10.6,45.3
14,29,3,7.4,43.7
14,29,3,10.1,45.05
14,29,3,5.3,42.65
14,30,3,9.1,44.55
14,30,3,4.9,42.45
14,30,3,12.7,46.35
14,30,3,7.6,43.8
14,30,3,7.6,43.8
14,31,3,6.1,43.05
14,31,3,11.3,45.65
14,31,3,6.5,43.25
14,31,3,13.3,46.65
14,32,3,6.7,43.35
14,32,3,9.8,44.9
14,32,3,10.6,45.3
14,32,3,10.1,45.05
14,32,3,14.9,47.45
14,33,3,7.3,43.65
14,33,3,9.2,44.6
14,33,3,9.3,44.65
14,33,3,8.1,44.05
14,34,3,7.6,43.8
14,34,3,5.0,42.5
14,34,3,7.7,43.85
14,34,3,10.2,45.1
14,34,3,4.7,42.35
14,35,3,4.6,42.3
14,35,3,5.9,42.95
14,35,3,7.6,43.8
14,35,3,12.2,46.1
14,36,3,8.9,44.45
14,36,3,18.2,49.1
14,36,3,7.5,43.75
14,36,3,9.6,44.8
14,37,3,4.8,42.4
14,37,3,11.1,45.55
14,37,3,8.2,44.1
14,37,3,6.2,43.1
14,37,3,7.7,43.85
14,38,3,7.8,43.9
14,38,3,7.8,43.9
14,38,3,5.8,42.9
14,38,3,8.3,44.15
14,39,3,4.7,42.35
14,39,3,5.7,42.85
14,39,3,4.7,42.35
14,39,3,12.6,46.3
14,39,3,6.1,43.05
14,40,3,7.9,43.95
14,40,3,6.9,43.45
14,40,3,8.2,44.1
14,40,3,9.0,44.5
14,41,3,12.0,46.0
14,41,3,7.4,43.7
14,41,3,15.3,47.65
14,41,3,2.7,41.35
14,42,3,7.6,43.8
14,42,3,6.0,43.0
14,42,3,7.8,43.9
14,42,3,7.7,43.85
14,42,3,8.4,44.2
14,43,3,7.6,43.8
14,43,3,4.8,42.4
14,43,3,7.2,43.6
14,43,3,6.3,43.15
14,44,3,9.6,44.8
14,44,3,4.8,42.4
14,44,3,10.5,45.25
14,44,3,9.4,44.7
14,45,3,13.4,46.7
14,45,3,7.3,43.65
14,45,3,6.6,43.3
14,45,3,4.6,42.3
14,45,3,6.7,43.35
14,46,3,6.3,43.15
14,46,3,4.7,42.35
14,46,3,7.6,43.8
14,46,3,6.0,43.0
14,47,3,5.5,42.75
14,47,3,7.2,43.6
14,47,3,6.5,43.25
14,47,3,11.0,45.5
14,47,3,9.1,44.55
14,48,3,5.1,42.55
14,48,3,5.3,42.65
14,48,3,6.8,43.4
14,48,3,4.6,42.3
14,49,3,4.9,42.45
14,49,3,5.3,42.65
14,49,3,4.3,42.15
14,49,3,5.9,42.95
14,49,3,10.0,45.0
14,50,3,4.5,42.25
14,50,3,4.6,42.3
14,50,3,6.4,43.2
14,50,3,10.2,45.1
14,51,3,9.9,44.95
14,51,3,6.6,43.3
14,51,3,7.9,43.95
14,51,3,17.6,48.8
14,52,3,4.8,42.4
14,52,3,6.3,43.15
14,52,3,8.1,44.05
14,52,3,11.9,45.95
14,52,3,9.4,44.7
14,53,3,5.3,42.65
14,53,3,10.1,45.05
14,53,3,15.4,47.7
14,53,3,5.2,42.6
14,54,3,12.0,46.0
14,54,3,22.0,51.0
14,54,3,9.4,44.7
14,54,3,9.6,44.8
14,55,3,15.0,47.5
14,55,3,6.2,43.1
14,55,3,13.1,46.55
14,55,3,10.9,45.45
14,55,3,6.0,43.0
14,56,3,7.1,43.55
14,56,3,14.7,47.35
14,56,3,14.0,47.0
14,56,3,15.6,47.8
14,57,3,19.5,49.75
14,57,3,13.0,46.5
14,57,3,8.6,44.3
14,57,3,9.3,44.65
14,57,3,13.5,46.75
14,58,3,12.5,46.25
14,58,3,12.4,46.2
14,58,3,28.3,54.15
14,58,3,18.5,49.25
14,59,3,3.6,41.8
14,59,3,12.8,46.4
14,59,3,13.3,46.65
14,59,3,8.6,44.3
15,0,3,6.8,43.4
15,0,3,13.6,46.8
15,0,3,10.7,45.35
15,0,3,9.9,44.95
15,0,3,7.7,43.85
15,1,3,15.9,47.95
15,1,3,7.2,43.6
15,1,3,18.4,49.2
15,1,3,10.4,45.2
15,2,3,7.7,43.85
15,2,3,8.0,44.0
15,2,3,13.0,46.5
15,2,3,10.1,45.05
15,3,3,12.3,46.15
15,3,3,10.7,45.35
15,3,3,13.2,46.6
15,3,3,9.1,44.55
15,3,3,10.9,45.45
15,4,3,7.0,43.5
15,4,3,4.1,42.05
15,4,3,7.4,43.7
15,4,3,6.5,43.25
15,5,3,5.6,42.8
15,5,3,7.3,43.65
15,5,3,4.5,42.25
15,5,3,10.4,45.2
15,6,3,9.8,44.9
15,6,3,8.4,44.2
15,6,3,5.9,42.95
15,6,3,8.5,44.25
15,6,3,13.1,46.55
15,7,3,14.3,47.15
15,7,3,6.4,43.2
15,7,3,16.2,48.1
15,7,3,9.2,44.6
15,8,3,18.8,49.4
15,8,3,10.0,45.0
15,8,3,11.1,45.55
15,8,3,14.7,47.35
15,9,3,3.8,41.9
15,9,3,9.8,44.9
15,9,3,4.8,42.4
15,9,3,4.2,42.1
15,9,3,8.3,44.15
15,10,3,12.6,46.3
15,10,3,6.3,43.15
15,10,3,8.6,44.3
15,10,3,7.7,43.85
15,11,3,5.7,42.85
15,11,3,6.6,43.3
15,11,3,10.3,45.15
15,11,3,11.0,45.5
15,11,3,8.8,44.4
15,12,3,9.0,44.5
15,12,3,3.2,41.6
15,12,3,9.5,44.75
15,12,3,5.0,42.5
15,13,3,5.4,42.7
15,13,3,5.9,42.95
15,13,3,8.1,44.05
15,13,3,4.4,42.2
15,14,3,6.9,43.45
15,14,3,9.6,44.8
15,14,3,6.1,43.05
15,14,3,11.3,45.65
15,14,3,3.9,41.95
15,15,3,6.3,43.15
15,15,3,8.3,44.15
15,15,3,3.1,41.55
15,15,3,6.2,43.1
15,16,3,6.4,43.2
15,16,3,9.6,44.8
15,16,3,9.9,44.95
15,16,3,16.7,48.35
15,16,3,7.3,43.65
15,17,3,11.2,45.6
15,17,3,9.0,44.5
15,17,3,7.3,43.65
15,17,3,16.0,48.0
15,18,3,7.6,43.8
15,18,3,7.8,43.9
15,18,3,21.7,50.85
15,18,3,6.9,43.45
15,18,3,7.8,43.9
15,19,3,13.7,46.85
15,19,3,17.5,48.75
15,19,3,5.4,42.7
15,19,3,15.2,47.6
15,20,3,13.2,46.6
15,20,3,6.9,43.45
15,20,3,6.4,43.2
15,20,3,4.8,42.4
15,21,3,3.9,41.95
15,21,3,4.7,42.35
15,21,3,11.6,45.8
15,21,3,3.2,41.6
15,21,3,12.8,46.4
15,22,3,10.1,45.05
15,22,3,7.2,43.6
15,22,3,5.9,42.95
15,22,3,9.6,44.8
15,23,3,6.2,43.1
15,23,3,8.6,44.3
15,23,3,7.5,43.75
15,23,3,5.8,42.9
15,23,3,7.6,43.8
15,24,3,4.5,42.25
15,24,3,3.8,41.9
15,24,3,12.4,46.2
15,24,3,5.6,42.8
15,25,3,8.0,44.0
15,25,3,15.4,47.7
15,25,3,12.3,46.15
15,25,3,4.7,42.35
15,26,3,5.4,42.7
15,26,3,17.9,48.95
15,26,3,4.7,42.35
15,26,3,6.2,43.1
15,26,3,8.2,44.1
15,27,3,5.7,42.85
15,27,3,9.7,44.85
15,27,3,5.0,42.5
15,27,3,6.5,43.25
15,27,3,5.3,42.65
15,28,3,5.1,42.55
15,28,3,9.7,44.85
15,28,3,8.3,44.15
15,28,3,9.9,44.95
15,29,3,4.6,42.3
15,29,3,7.9,43.95
15,29,3,6.3,43.15
15,29,3,8.5,44.25
15,30,3,11.8,45.9
15,30,3,3.9,41.95
15,30,3,10.7,45.35
15,30,3,15.1,47.55
15,30,3,18.0,49.0
15,31,3,14.9,47.45
15,31,3,7.7,43.85
15,31,3,4.6,42.3
15,31,3,7.6,43.8
15,32,3,7.9,43.95
15,32,3,8.3,44.15
15,32,3,6.6,43.3
15,32,3,5.7,42.85
15,33,3,9.1,44.55
15,33,3,5.0,42.5
15,33,3,8.8,44.4
15,33,3,6.0,43.0
15,34,3,20.9,50.45
15,34,3,9.1,44.55
15,34,3,12.9,46.45
15,34,3,7.6,43.8
15,34,3,11.6,45.8
15,35,3,9.9,44.95
15,35,3,11.0,45.5
15,35,3,6.5,43.25
15,35,3,7.9,43.95
15,36,3,6.7,43.35
15,36,3,9.3,44.65
15,36,3,15.0,47.5
15,37,3,7.1,43.55
15,37,3,100.0,90.0
15,37,3,8.8,44.4
15,38,3,9.2,44.6
15,38,3,5.9,42.95
15,38,3,6.4,43.2
15,38,3,9.8,44.9
15,39,3,8.7,44.35
15,39,3,5.0,42.5
15,39,3,7.6,43.8
15,39,3,10.1,45.05
15,40,3,5.7,42.85
15,40,3,9.0,44.5
15,40,3,7.4,43.7
15,40,3,14.6,47.3
15,40,3,7.5,43.75
15,41,3,13.1,46.55
15,41,3,5.5,42.75
15,41,3,4.0,42.0
15,41,3,10.0,45.0
15,42,3,11.8,45.9
15,42,3,5.1,42.55
15,42,3,9.1,44.55
15,42,3,7.1,43.55
15,43,3,6.9,43.45
15,43,3,7.9,43.95
15,43,3,7.4,43.7
15,43,3,14.7,47.35
15,43,3,7.3,43.65
15,44,3,3.8,41.9
15,44,3,7.4,43.7
15,44,3,8.9,44.45
15,44,3,7.7,43.85
15,44,3,5.5,42.75
15,45,3,10.4,45.2
15,45,3,12.0,46.0
15,45,3,9.8,44.9
15,45,3,7.4,43.7
15,45,3,10.3,45.15
15,46,3,3.8,41.9
15,46,3,10.9,45.45
15,46,3,6.8,43.4
15,46,3,7.1,43.55
15,46,3,10.9,45.45
15,47,3,8.1,44.05
15,47,3,5.8,42.9
15,47,3,11.4,45.7
15,47,3,6.8,43.4
15,47,3,8.6,44.3
15,48,3,8.6,44.3
15,48,3,6.7,43.35
15,48,3,9.5,44.75
15,48,3,6.0,43.0
15,48,3,5.7,42.85
15,49,3,5.7,42.85
15,49,3,12.3,46.15
15,49,3,10.9,45.45
15,49,3,9.3,44.65
15,49,3,9.3,44.65
15,50,3,16.6,48.3
15,50,3,5.4,42.7
15,50,3,7.7,43.85
15,50,3,8.5,44.25
15,50,3,6.3,43.15
15,51,3,8.7,44.35
15,51,3,8.0,44.0
15,51,3,9.3,44.65
15,51,3,7.8,43.9
15,51,3,10.6,45.3
15,52,3,9.0,44.5
15,52,3,9.0,44.5
15,52,3,10.6,45.3
15,52,3,11.3,45.65
15,53,3,10.3,45.15
15,53,3,10.4,45.2
15,53,3,15.0,47.5
15,53,3,8.8,44.4
15,54,3,5.7,42.85
15,54,3,4.8,42.4
15,54,3,6.9,43.45
15,54,3,12.0,46.0
15,55,3,7.2,43.6
15,55,3,7.4,43.7
15,55,3,11.5,45.75
15,55,3,9.0,44.5
15,56,3,13.8,46.9
15,56,3,16.5,48.25
15,56,3,15.6,47.8
15,56,3,11.3,45.65
15,57,3,8.3,44.15
15,57,3,10.4,45.2
15,57,3,10.6,45.3
15,57,3,13.5,46.75
15,58,3,14.0,47.0
15,58,3,13.4,46.7
15,58,3,11.3,45.65
15,58,3,12.0,46.0
15,58,3,22.3,51.15
15,59,3,50.0,65.0
15,59,3,31.6,55.8
15,59,3,11.4,45.7
15,59,3,10.7,45.35
16,0,3,48.9,64.45
16,0,3,100.0,90.0
16,0,3,9.3,44.65
16,0,3,6.0,43.0
16,0,3,12.0,46.0
16,1,3,20.0,50.0
16,1,3,15.0,47.5
16,1,3,15.2,47.6
16,1,3,24.9,52.45
16,2,3,12.8,46.4
16,2,3,11.8,45.9
16,2,3,24.1,52.05
16,2,3,9.9,44.95
16,3,3,14.8,47.4
16,3,3,9.0,44.5
16,3,3,7.7,43.85
16,3,3,17.8,48.9
16,4,3,8.5,44.25
16,4,3,14.0,47.0
16,4,3,14.4,47.2
16,4,3,8.3,44.15
16,5,3,12.3,46.15
16,5,3,6.7,43.35
16,5,3,9.5,44.75
16,5,3,9.3,44.65
16,5,3,7.9,43.95
16,6,3,11.9,45.95
16,6,3,55.8,67.9
16,6,3,6.8,43.4
16,7,3,16.1,48.05
16,7,3,16.9,48.45
16,7,3,15.6,47.8
16,7,3,19.3,49.65
16,8,3,21.8,50.9
16,8,3,7.6,43.8
16,8,3,6.3,43.15
16,8,3,10.4,45.2
16,8,3,9.3,44.65
16,9,3,7.3,43.65
16,9,3,13.4,46.7
16,9,3,10.0,45.0
16,9,3,11.2,45.6
16,10,3,7.9,43.95
16,10,3,8.8,44.4
16,10,3,9.6,44.8
16,10,3,9.8,44.9
16,11,3,9.6,44.8
16,11,3,11.3,45.65
16,11,3,8.3,44.15
16,11,3,9.4,44.7
16,12,3,9.4,44.7
16,12,3,13.7,46.85
16,12,3,6.1,43.05
16,12,3,14.6,47.3
16,13,3,9.6,44.8
16,13,3,10.1,45.05
16,13,3,10.7,45.35
16,13,3,9.4,44.7
16,14,3,8.7,44.35
16,14,3,9.7,44.85
16,14,3,9.4,44.7
16,14,3,8.3,44.15
16,14,3,12.6,46.3
16,15,3,9.1,44.55
16,15,3,11.8,45.9
16,15,3,14.5,47.25
16,15,3,9.2,44.6
16,16,3,6.5,43.25
16,16,3,16.0,48.0
16,16,3,10.3,45.15
16,16,3,9.3,44.65
16,17,3,10.3,45.15
16,17,3,10.1,45.05
16,17,3,10.4,45.2
16,17,3,20.6,50.3
16,18,3,9.6,44.8
16,18,3,16.8,48.4
16,18,3,12.0,46.0
16,18,3,16.0,48.0
16,19,3,14.0,47.0
16,19,3,15.8,47.9
16,19,3,8.3,44.15
16,19,3,6.2,43.1
16,20,3,8.9,44.45
16,20,3,18.3,49.15
16,20,3,12.3,46.15
16,20,3,8.0,44.0
16,21,3,11.4,45.7
16,21,3,21.0,50.5
16,21,3,10.9,45.45
16,21,3,14.5,47.25
16,21,3,13.0,46.5
16,22,3,15.8,47.9
16,22,3,10.8,45.4
16,22,3,9.1,44.55
16,22,3,6.8,43.4
16,23,3,10.5,45.25
16,23,3,8.8,44.4
16,23,3,7.6,43.8
16,23,3,6.7,43.35
16,24,3,9.8,44.9
16,24,3,7.2,43.6
16,24,3,5.4,42.7
16,24,3,5.2,42.6
16,25,3,15.8,47.9
16,25,3,6.7,43.35
16,25,3,4.9,42.45
16,25,3,8.4,44.2
16,25,3,6.9,43.45
16,26,3,6.7,43.35
16,26,3,4.9,42.45
16,26,3,7.0,43.5
16,26,3,7.2,43.6
16,26,3,7.5,43.75
16,27,3,5.4,42.7
16,27,3,6.1,43.05
16,27,3,7.0,43.5
16,27,3,12.3,46.15
16,28,3,24.8,52.4
16,28,3,11.4,45.7
16,28,3,12.2,46.1
16,28,3,22.3,51.15
16,29,3,8.9,44.45
16,29,3,14.6,47.3
16,29,3,10.7,45.35
16,29,3,16.1,48.05
16,30,3,11.8,45.9
16,30,3,10.1,45.05
16,30,3,10.3,45.15
16,30,3,20.1,50.05
16,31,3,7.1,43.55
16,31,3,12.4,46.2
16,31,3,7.6,43.8
16,31,3,8.8,44.4
16,32,3,5.8,42.9
16,32,3,12.5,46.25
16,32,3,7.2,43.6
16,32,3,13.7,46.85
16,32,3,13.1,46.55
16,33,3,10.2,45.1
16,33,3,11.2,45.6
16,33,3,10.9,45.45
16,33,3,13.5,46.75
16,34,3,7.3,43.65
16,34,3,12.6,46.3
16,34,3,12.3,46.15
16,34,3,14.4,47.2
16,35,3,5.6,42.8
16,35,3,8.2,44.1
16,35,3,5.8,42.9
16,35,3,7.9,43.95
16,36,3,10.0,45.0
16,36,3,7.0,43.5
16,36,3,6.8,43.4
16,36,3,6.3,43.15
16,36,3,4.8,42.4
16,37,3,6.7,43.35
16,37,3,4.0,42.0
16,37,3,27.6,53.8
16,37,3,8.2,44.1
16,37,3,7.2,43.6
16,38,3,6.5,43.25
16,38,3,14.9,47.45
16,38,3,8.9,44.45
16,38,3,7.7,43.85
16,38,3,9.1,44.55
16,39,3,6.6,43.3
16,39,3,6.2,43.1
16,39,3,7.5,43.75
16,39,3,6.1,43.05
16,39,3,4.9,42.45
16,40,3,7.0,43.5
16,40,3,10.6,45.3
16,40,3,4.7,42.35
16,40,3,6.8,43.4
16,40,3,5.5,42.75
17,0,3,14.5,47.25
17,0,3,4.8,42.4
17,0,3,7.9,43.95
17,1,3,23.0,51.5
17,1,3,6.4,43.2
17,1,3,5.5,42.75
17,1,3,6.8,43.4
17,1,3,14.0,47.0
17,2,3,13.8,46.9
17,2,3,6.9,43.45
17,2,3,11.5,45.75
17,2,3,8.2,44.1
17,2,3,100.0,90.0
17,3,3,8.9,44.45
17,3,3,10.1,45.05
17,3,3,10.8,45.4
17,3,3,9.3,44.65
17,4,3,8.4,44.2
17,4,3,41.9,60.95
17,4,3,48.2,64.1
17,4,3,10.8,45.4
17,5,3,8.0,44.0
17,5,3,8.6,44.3
17,5,3,6.3,43.15
17,5,3,8.1,44.05
17,5,3,6.9,43.45
17,6,3,6.2,43.1
17,6,3,8.4,44.2
17,6,3,5.5,42.75
17,6,3,5.4,42.7
17,6,3,37.8,58.9
17,7,3,6.5,43.25
17,7,3,9.1,44.55
17,7,3,5.7,42.85
17,7,3,7.6,43.8
17,7,3,12.6,46.3
17,8,3,10.1,45.05
17,8,3,10.7,45.35
17,8,3,9.0,44.5
17,8,3,5.7,42.85
17,8,3,8.4,44.2
17,9,3,7.8,43.9
17,9,3,7.3,43.65
17,9,3,10.0,45.0
17,9,3,5.3,42.65
17,9,3,7.1,43.55
17,10,3,10.5,45.25
17,10,3,8.4,44.2
17,10,3,9.7,44.85
17,10,3,9.0,44.5
17,10,3,7.2,43.6
17,11,3,10.4,45.2
17,11,3,8.9,44.45
17,11,3,4.6,42.3
17,11,3,7.9,43.95
17,15,3,13.1,46.55
17,15,3,7.6,43.8
17,16,3,12.4,46.2
17,16,3,19.6,49.8
17,17,3,7.3,43.65
17,17,3,6.9,43.45
17,17,3,7.5,43.75
17,17,3,8.5,44.25
17,17,3,7.2,43.6
17,18,3,5.2,42.6
17,18,3,8.6,44.3
17,18,3,8.2,44.1
17,18,3,8.0,44.0
17,18,3,7.9,43.95
17,19,3,8.7,44.35
17,19,3,8.9,44.45
17,19,3,6.7,43.35
17,19,3,9.9,44.95
17,19,3,5.2,42.6
17,20,3,5.9,42.95
17,20,3,6.7,43.35
17,20,3,5.9,42.95
17,20,3,5.8,42.9
17,20,3,8.9,44.45
17,21,3,9.9,44.95
17,21,3,14.5,47.25
17,21,3,8.0,44.0
17,21,3,5.4,42.7
17,22,3,8.8,44.4
17,22,3,9.1,44.55
17,22,3,11.9,45.95
17,22,3,11.9,45.95
17,23,3,6.4,43.2
17,23,3,8.1,44.05
17,23,3,13.6,46.8
17,23,3,25.2,52.6
17,24,3,10.0,45.0
17,24,3,8.9,44.45
17,24,3,9.5,44.75
17,24,3,12.5,46.25
17,25,3,15.4,47.7
17,25,3,17.0,48.5
17,25,3,13.2,46.6
17,25,3,10.3,45.15
17,26,3,17.2,48.6
17,26,3,7.6,43.8
17,26,3,12.8,46.4
17,26,3,14.5,47.25
17,26,3,11.3,45.65
17,27,3,18.5,49.25
17,27,3,7.6,43.8
17,27,3,6.3,43.15
17,27,3,13.7,46.85
17,28,3,12.9,46.45
17,28,3,9.5,44.75
17,28,3,15.0,47.5
17,29,3,38.1,59.05
17,29,3,100.0,90.0
17,30,3,12.5,46.25
17,30,3,17.3,48.65
17,31,3,70.6,75.3
17,31,3,8.9,44.45
17,31,3,4.7,42.35
17,31,3,12.7,46.35
17,31,3,6.3,43.15
17,32,3,5.9,42.95
17,32,3,4.2,42.1
17,32,3,5.7,42.85
17,32,3,5.5,42.75
17,33,3,5.1,42.55
17,33,3,12.8,46.4
17,33,3,6.1,43.05
17,33,3,6.4,43.2
17,33,3,7.3,43.65
17,34,3,4.9,42.45
17,34,3,9.1,44.55
17,34,3,10.1,45.05
17,34,3,8.0,44.0
17,34,3,9.3,44.65
17,35,3,5.8,42.9
17,35,3,9.1,44.55
17,35,3,8.9,44.45
17,35,3,7.8,43.9
17,35,3,8.7,44.35
17,36,3,5.4,42.7
17,36,3,9.5,44.75
17,36,3,6.5,43.25
17,36,3,5.0,42.5
17,36,3,9.0,44.5
17,37,3,6.7,43.35
17,37,3,6.8,43.4
17,37,3,14.9,47.45
17,37,3,6.7,43.35
17,37,3,9.5,44.75
17,38,3,7.7,43.85
17,38,3,9.1,44.55
17,38,3,10.1,45.05
17,38,3,7.6,43.8
17,39,3,8.8,44.4
17,39,3,9.3,44.65
17,39,3,5.8,42.9
17,39,3,7.3,43.65
17,39,3,5.2,42.6
17,40,3,6.6,43.3
17,40,3,10.0,45.0
17,40,3,6.2,43.1
17,40,3,7.6,43.8
17,40,3,8.4,44.2
17,41,3,5.8,42.9
17,41,3,6.4,43.2
17,41,3,9.0,44.5
17,41,3,9.0,44.5
17,41,3,7.8,43.9
17,42,3,9.2,44.6
17,42,3,10.3,45.15
17,42,3,14.2,47.1
17,42,3,4.7,42.35
17,42,3,18.1,49.05
17,43,3,7.5,43.75
17,43,3,13.0,46.5
17,43,3,5.9,42.95
17,43,3,8.5,44.25
17,43,3,9.3,44.65
17,44,3,6.8,43.4
17,44,3,8.5,44.25
17,44,3,7.2,43.6
17,44,3,6.0,43.0
17,44,3,11.6,45.8
17,45,3,6.0,43.0
17,45,3,7.7,43.85
17,45,3,7.9,43.95
17,45,3,6.9,43.45
17,45,3,8.5,44.25
17,46,3,10.5,45.25
17,46,3,9.3,44.65
17,46,3,8.4,44.2
17,46,3,5.3,42.65
17,46,3,17.1,48.55
17,47,3,8.4,44.2
17,47,3,4.4,42.2
17,47,3,6.0,43.0
17,47,3,7.4,43.7
17,47,3,5.7,42.85
17,48,3,6.9,43.45
17,48,3,10.1,45.05
17,48,3,8.1,44.05
17,48,3,9.9,44.95
17,49,3,6.5,43.25
17,49,3,6.6,43.3
17,49,3,9.4,44.7
17,49,3,8.6,44.3
17,49,3,6.8,43.4
17,50,3,8.4,44.2
17,50,3,6.5,43.25
17,50,3,7.1,43.55
17,50,3,6.5,43.25
17,50,3,8.0,44.0
17,51,3,10.9,45.45
17,51,3,8.4,44.2
17,51,3,7.9,43.95
17,51,3,8.0,44.0
17,51,3,7.4,43.7
17,52,3,5.9,42.95
17,52,3,13.3,46.65
17,52,3,11.8,45.9
17,52,3,7.8,43.9
17,52,3,8.1,44.05
17,53,3,9.0,44.5
17,53,3,10.2,45.1
17,53,3,7.4,43.7
17,53,3,7.7,43.85
17,53,3,6.4,43.2
17,54,3,8.6,44.3
17,54,3,6.2,43.1
17,54,3,10.0,45.0
17,54,3,9.6,44.8
17,54,3,5.5,42.75
17,55,3,6.4,43.2
17,55,3,8.0,44.0
17,55,3,8.2,44.1
17,55,3,9.6,44.8
17,55,3,8.4,44.2
17,56,3,6.8,43.4
17,56,3,8.7,44.35
18,11,3,5.4,42.7
18,11,3,2.3,41.15
18,11,3,1.1,40.55
18,11,3,2.3,41.15
18,11,3,3.2,41.6
18,12,3,1.5,40.75
18,12,3,5.0,42.5
18,13,3,11.2,45.6
18,13,3,8.4,44.2
18,13,3,6.4,43.2
18,13,3,7.2,43.6
18,13,3,7.2,43.6
18,14,3,6.8,43.4
18,14,3,6.0,43.0
18,14,3,9.1,44.55
18,14,3,8.1,44.05
18,15,3,15.0,47.5
18,15,3,6.5,43.25
18,15,3,8.8,44.4
18,15,3,5.6,42.8
18,15,3,9.4,44.7
18,16,3,9.8,44.9
18,16,3,5.3,42.65
18,16,3,4.3,42.15
18,16,3,6.1,43.05
18,16,3,10.9,45.45
18,17,3,8.4,44.2
18,17,3,6.6,43.3
18,17,3,20.8,50.4
18,17,3,6.9,43.45
18,18,3,5.6,42.8
18,18,3,9.2,44.6
18,18,3,12.1,46.05
18,18,3,16.8,48.4
18,19,3,8.0,44.0
18,19,3,9.5,44.75
18,19,3,9.7,44.85
18,19,3,6.2,43.1
18,19,3,6.5,43.25
18,20,3,5.0,42.5
18,20,3,9.4,44.7
18,20,3,7.7,43.85
18,20,3,5.3,42.65
18,21,3,11.5,45.75
18,21,3,5.8,42.9
18,21,3,6.8,43.4
18,21,3,10.6,45.3
18,22,3,9.0,44.5
18,22,3,6.5,43.25
18,22,3,3.7,41.85
18,22,3,8.7,44.35
18,22,3,7.3,43.65
18,23,3,12.6,46.3
18,23,3,7.1,43.55
18,23,3,7.3,43.65
18,23,3,8.9,44.45
18,24,3,8.7,44.35
18,24,3,17.8,48.9
18,24,3,12.6,46.3
18,24,3,6.9,43.45
18,24,3,10.9,45.45
18,25,3,7.0,43.5
18,25,3,7.6,43.8
18,25,3,5.4,42.7
18,25,3,7.1,43.55
18,25,3,9.3,44.65
18,26,3,13.0,46.5
18,26,3,5.8,42.9
18,26,3,5.3,42.65
18,26,3,8.5,44.25
18,26,3,6.7,43.35
18,27,3,8.7,44.35
18,27,3,9.5,44.75
18,27,3,6.9,43.45
18,27,3,5.6,42.8
18,28,3,99.8,89.9
18,28,3,24.8,52.4
18,28,3,11.1,45.55
18,28,3,9.7,44.85
18,29,3,10.7,45.35
18,29,3,6.7,43.35
18,29,3,12.8,46.4
18,29,3,10.8,45.4
18,30,3,7.3,43.65
18,30,3,6.7,43.35
18,30,3,10.7,45.35
18,30,3,15.2,47.6
18,31,3,15.7,47.85
18,31,3,8.5,44.25
18,31,3,10.7,45.35
18,31,3,11.0,45.5
18,32,3,10.6,45.3
18,32,3,20.4,50.2
18,32,3,10.2,45.1
18,32,3,9.0,44.5
18,33,3,13.1,46.55
18,33,3,17.0,48.5
18,33,3,11.6,45.8
18,33,3,8.3,44.15
18,34,3,10.7,45.35
18,34,3,10.8,45.4
18,34,3,12.7,46.35
18,34,3,11.9,45.95
18,35,3,10.2,45.1
18,35,3,9.9,44.95
18,35,3,10.4,45.2
18,35,3,14.1,47.05
18,35,3,6.3,43.15
18,36,3,10.6,45.3
18,36,3,10.4,45.2
18,36,3,10.0,45.0
18,36,3,10.4,45.2
18,37,3,10.5,45.25
18,37,3,14.2,47.1
18,37,3,8.2,44.1
18,37,3,12.6,46.3
18,38,3,10.2,45.1
18,38,3,9.8,44.9
18,38,3,11.7,45.85
18,38,3,8.3,44.15
18,39,3,8.3,44.15
18,39,3,5.2,42.6
18,39,3,18.4,49.2
18,39,3,7.0,43.5
18,40,3,6.5,43.25
18,40,3,7.2,43.6
18,40,3,8.7,44.35
18,40,3,6.3,43.15
18,40,3,5.1,42.55
18,41,3,10.5,45.25
18,41,3,12.5,46.25
18,41,3,6.3,43.15
18,41,3,16.5,48.25
18,42,3,12.9,46.45
18,42,3,12.4,46.2
18,42,3,13.3,46.65
18,42,3,7.9,43.95
18,43,3,9.6,44.8
18,43,3,9.1,44.55
18,43,3,9.0,44.5
18,43,3,6.6,43.3
18,44,3,6.2,43.1
18,44,3,10.0,45.0
18,44,3,8.8,44.4
18,44,3,7.3,43.65
18,45,3,9.9,44.95
18,45,3,6.8,43.4
18,45,3,8.2,44.1
18,45,3,5.2,42.6
18,46,3,7.5,43.75
18,46,3,9.4,44.7
18,46,3,9.8,44.9
18,46,3,6.0,43.0
18,46,3,11.6,45.8
18,47,3,9.1,44.55
18,47,3,6.7,43.35
18,47,3,15.1,47.55
18,47,3,7.1,43.55
18,48,3,5.4,42.7
18,48,3,6.4,43.2
18,48,3,12.7,46.35
18,48,3,7.5,43.75
18,49,3,10.5,45.25
18,49,3,7.4,43.7
18,49,3,4.4,42.2
18,49,3,5.8,42.9
18,49,3,6.4,43.2
18,50,3,6.0,43.0
18,50,3,6.4,43.2
18,50,3,8.8,44.4
18,50,3,6.0,43.0
18,51,3,9.5,44.75
18,51,3,6.4,43.2
